method,split,precision,recall,f1,accuracy,false_positive_rate,flag_rate,positive_rate,auroc,auprc,score_mean,episodes,seeds
calibrated_learned_stack,actuator_saturation,1.0000,1.0000,1.0000,1.0000,0.0000,1.0000,1.0000,0.0000,1.0000,0.9911,112,8
calibrated_learned_stack,adversarial_compensated_violation,1.0000,1.0000,1.0000,1.0000,0.0000,1.0000,1.0000,0.0000,1.0000,0.9948,112,8
calibrated_learned_stack,combined_violation_shift,1.0000,1.0000,1.0000,1.0000,0.0000,1.0000,1.0000,0.0000,1.0000,0.9992,112,8
calibrated_learned_stack,contact_corruption,1.0000,1.0000,1.0000,1.0000,0.0000,1.0000,1.0000,0.0000,1.0000,0.9988,112,8
calibrated_learned_stack,energy_work_corruption,1.0000,1.0000,1.0000,1.0000,0.0000,1.0000,1.0000,0.0000,1.0000,0.9936,112,8
calibrated_learned_stack,mixed_near_threshold,1.0000,1.0000,1.0000,1.0000,0.0000,1.0000,1.0000,0.0000,1.0000,0.9926,112,8
calibrated_learned_stack,nominal_valid,0.0000,0.0000,0.0000,0.9464,0.0536,0.0536,0.0000,0.0000,0.0000,0.0270,112,8
calibrated_learned_stack,noncausal_teleport,1.0000,1.0000,1.0000,1.0000,0.0000,1.0000,1.0000,0.0000,1.0000,0.9944,112,8
calibrated_learned_stack,rare_valid_bounce,0.0000,0.0000,0.0000,0.7857,0.2143,0.2143,0.0000,0.0000,0.0000,0.1312,112,8
calibrated_learned_stack,subtle_contact_corruption,1.0000,1.0000,1.0000,1.0000,0.0000,1.0000,1.0000,0.0000,1.0000,0.9950,112,8
calibrated_learned_stack,subtle_energy_corruption,1.0000,1.0000,1.0000,1.0000,0.0000,1.0000,1.0000,0.0000,1.0000,0.9771,112,8
calibrated_learned_stack,support_levitation,1.0000,1.0000,1.0000,1.0000,0.0000,1.0000,1.0000,0.0000,1.0000,0.9957,112,8
calibrated_learned_stack,timestamp_noncausal_corruption,1.0000,1.0000,1.0000,1.0000,0.0000,1.0000,1.0000,0.0000,1.0000,0.9912,112,8
calibrated_learned_stack,valid_clock_skew,0.0000,0.0000,0.0000,0.9464,0.0536,0.0536,0.0000,0.0000,0.0000,0.0160,112,8
calibrated_learned_stack,valid_low_friction_slip,0.0000,0.0000,0.0000,1.0000,0.0000,0.0000,0.0000,0.0000,0.0000,0.0038,112,8
conformal_residual_ensemble,actuator_saturation,1.0000,0.6429,0.7826,0.6429,0.0000,0.6429,1.0000,0.0000,1.0000,1.4898,112,8
conformal_residual_ensemble,adversarial_compensated_violation,1.0000,1.0000,1.0000,1.0000,0.0000,1.0000,1.0000,0.0000,1.0000,4.8034,112,8
conformal_residual_ensemble,combined_violation_shift,1.0000,1.0000,1.0000,1.0000,0.0000,1.0000,1.0000,0.0000,1.0000,2173912.5252,112,8
conformal_residual_ensemble,contact_corruption,1.0000,1.0000,1.0000,1.0000,0.0000,1.0000,1.0000,0.0000,1.0000,36.1811,112,8
conformal_residual_ensemble,energy_work_corruption,1.0000,1.0000,1.0000,1.0000,0.0000,1.0000,1.0000,0.0000,1.0000,2.3834,112,8
conformal_residual_ensemble,mixed_near_threshold,0.0000,0.0000,0.0000,0.0000,0.0000,0.0000,1.0000,0.0000,1.0000,1.3258,112,8
conformal_residual_ensemble,nominal_valid,0.0000,0.0000,0.0000,1.0000,0.0000,0.0000,0.0000,0.0000,0.0000,0.5742,112,8
conformal_residual_ensemble,noncausal_teleport,1.0000,1.0000,1.0000,1.0000,0.0000,1.0000,1.0000,0.0000,1.0000,2.5506,112,8
conformal_residual_ensemble,rare_valid_bounce,0.0000,0.0000,0.0000,0.8750,0.1250,0.1250,0.0000,0.0000,0.0000,1.0899,112,8
conformal_residual_ensemble,subtle_contact_corruption,1.0000,1.0000,1.0000,1.0000,0.0000,1.0000,1.0000,0.0000,1.0000,13.6766,112,8
conformal_residual_ensemble,subtle_energy_corruption,0.0000,0.0000,0.0000,0.0000,0.0000,0.0000,1.0000,0.0000,1.0000,0.7398,112,8
conformal_residual_ensemble,support_levitation,1.0000,1.0000,1.0000,1.0000,0.0000,1.0000,1.0000,0.0000,1.0000,2173912.5252,112,8
conformal_residual_ensemble,timestamp_noncausal_corruption,1.0000,0.4464,0.6173,0.4464,0.0000,0.4464,1.0000,0.0000,1.0000,1.4564,112,8
conformal_residual_ensemble,valid_clock_skew,0.0000,0.0000,0.0000,1.0000,0.0000,0.0000,0.0000,0.0000,0.0000,0.5733,112,8
conformal_residual_ensemble,valid_low_friction_slip,0.0000,0.0000,0.0000,0.9911,0.0089,0.0089,0.0000,0.0000,0.0000,0.9036,112,8
contact_impulse_threshold,actuator_saturation,1.0000,0.0089,0.0177,0.0089,0.0000,0.0089,1.0000,0.0000,1.0000,0.0162,112,8
contact_impulse_threshold,adversarial_compensated_violation,1.0000,1.0000,1.0000,1.0000,0.0000,1.0000,1.0000,0.0000,1.0000,0.3470,112,8
contact_impulse_threshold,combined_violation_shift,0.0000,0.0000,0.0000,0.0000,0.0000,0.0000,1.0000,0.0000,1.0000,0.0170,112,8
contact_impulse_threshold,contact_corruption,1.0000,1.0000,1.0000,1.0000,0.0000,1.0000,1.0000,0.0000,1.0000,2.6135,112,8
contact_impulse_threshold,energy_work_corruption,0.0000,0.0000,0.0000,0.0000,0.0000,0.0000,1.0000,0.0000,1.0000,0.0197,112,8
contact_impulse_threshold,mixed_near_threshold,0.0000,0.0000,0.0000,0.0000,0.0000,0.0000,1.0000,0.0000,1.0000,0.0176,112,8
contact_impulse_threshold,nominal_valid,0.0000,0.0000,0.0000,0.9911,0.0089,0.0089,0.0000,0.0000,0.0000,0.0173,112,8
contact_impulse_threshold,noncausal_teleport,0.0000,0.0000,0.0000,0.0000,0.0000,0.0000,1.0000,0.0000,1.0000,0.0172,112,8
contact_impulse_threshold,rare_valid_bounce,0.0000,0.0000,0.0000,0.8571,0.1429,0.1429,0.0000,0.0000,0.0000,0.0405,112,8
contact_impulse_threshold,subtle_contact_corruption,1.0000,1.0000,1.0000,1.0000,0.0000,1.0000,1.0000,0.0000,1.0000,0.9879,112,8
contact_impulse_threshold,subtle_energy_corruption,1.0000,0.0179,0.0351,0.0179,0.0000,0.0179,1.0000,0.0000,1.0000,0.0182,112,8
contact_impulse_threshold,support_levitation,0.0000,0.0000,0.0000,0.0000,0.0000,0.0000,1.0000,0.0000,1.0000,0.0165,112,8
contact_impulse_threshold,timestamp_noncausal_corruption,0.0000,0.0000,0.0000,0.0000,0.0000,0.0000,1.0000,0.0000,1.0000,0.0180,112,8
contact_impulse_threshold,valid_clock_skew,0.0000,0.0000,0.0000,1.0000,0.0000,0.0000,0.0000,0.0000,0.0000,0.0182,112,8
contact_impulse_threshold,valid_low_friction_slip,0.0000,0.0000,0.0000,1.0000,0.0000,0.0000,0.0000,0.0000,0.0000,0.0107,112,8
energy_residual_threshold,actuator_saturation,0.0000,0.0000,0.0000,0.0000,0.0000,0.0000,1.0000,0.0000,1.0000,0.4069,112,8
energy_residual_threshold,adversarial_compensated_violation,1.0000,0.3214,0.4865,0.3214,0.0000,0.3214,1.0000,0.0000,1.0000,3.3121,112,8
energy_residual_threshold,combined_violation_shift,1.0000,1.0000,1.0000,1.0000,0.0000,1.0000,1.0000,0.0000,1.0000,6.9012,112,8
energy_residual_threshold,contact_corruption,0.0000,0.0000,0.0000,0.0000,0.0000,0.0000,1.0000,0.0000,1.0000,0.4607,112,8
energy_residual_threshold,energy_work_corruption,1.0000,1.0000,1.0000,1.0000,0.0000,1.0000,1.0000,0.0000,1.0000,8.5407,112,8
energy_residual_threshold,mixed_near_threshold,1.0000,0.0089,0.0177,0.0089,0.0000,0.0089,1.0000,0.0000,1.0000,2.5967,112,8
energy_residual_threshold,nominal_valid,0.0000,0.0000,0.0000,1.0000,0.0000,0.0000,0.0000,0.0000,0.0000,0.6042,112,8
energy_residual_threshold,noncausal_teleport,0.0000,0.0000,0.0000,0.0000,0.0000,0.0000,1.0000,0.0000,1.0000,0.4545,112,8
energy_residual_threshold,rare_valid_bounce,0.0000,0.0000,0.0000,0.7321,0.2679,0.2679,0.0000,0.0000,0.0000,2.8890,112,8
energy_residual_threshold,subtle_contact_corruption,0.0000,0.0000,0.0000,0.0000,0.0000,0.0000,1.0000,0.0000,1.0000,0.4300,112,8
energy_residual_threshold,subtle_energy_corruption,0.0000,0.0000,0.0000,0.0000,0.0000,0.0000,1.0000,0.0000,1.0000,1.7219,112,8
energy_residual_threshold,support_levitation,1.0000,0.3393,0.5067,0.3393,0.0000,0.3393,1.0000,0.0000,1.0000,3.3376,112,8
energy_residual_threshold,timestamp_noncausal_corruption,0.0000,0.0000,0.0000,0.0000,0.0000,0.0000,1.0000,0.0000,1.0000,0.4257,112,8
energy_residual_threshold,valid_clock_skew,0.0000,0.0000,0.0000,1.0000,0.0000,0.0000,0.0000,0.0000,0.0000,0.6044,112,8
energy_residual_threshold,valid_low_friction_slip,0.0000,0.0000,0.0000,1.0000,0.0000,0.0000,0.0000,0.0000,0.0000,0.5806,112,8
hgb_failure_classifier,actuator_saturation,1.0000,1.0000,1.0000,1.0000,0.0000,1.0000,1.0000,0.0000,1.0000,0.9990,112,8
hgb_failure_classifier,adversarial_compensated_violation,1.0000,1.0000,1.0000,1.0000,0.0000,1.0000,1.0000,0.0000,1.0000,0.9994,112,8
hgb_failure_classifier,combined_violation_shift,1.0000,1.0000,1.0000,1.0000,0.0000,1.0000,1.0000,0.0000,1.0000,0.9900,112,8
hgb_failure_classifier,contact_corruption,1.0000,1.0000,1.0000,1.0000,0.0000,1.0000,1.0000,0.0000,1.0000,0.9999,112,8
hgb_failure_classifier,energy_work_corruption,1.0000,1.0000,1.0000,1.0000,0.0000,1.0000,1.0000,0.0000,1.0000,1.0000,112,8
hgb_failure_classifier,mixed_near_threshold,1.0000,1.0000,1.0000,1.0000,0.0000,1.0000,1.0000,0.0000,1.0000,0.9999,112,8
hgb_failure_classifier,nominal_valid,0.0000,0.0000,0.0000,0.9018,0.0982,0.0982,0.0000,0.0000,0.0000,0.0230,112,8
hgb_failure_classifier,noncausal_teleport,1.0000,1.0000,1.0000,1.0000,0.0000,1.0000,1.0000,0.0000,1.0000,0.9998,112,8
hgb_failure_classifier,rare_valid_bounce,0.0000,0.0000,0.0000,0.8214,0.1786,0.1786,0.0000,0.0000,0.0000,0.1206,112,8
hgb_failure_classifier,subtle_contact_corruption,1.0000,1.0000,1.0000,1.0000,0.0000,1.0000,1.0000,0.0000,1.0000,0.9999,112,8
hgb_failure_classifier,subtle_energy_corruption,1.0000,1.0000,1.0000,1.0000,0.0000,1.0000,1.0000,0.0000,1.0000,0.9998,112,8
hgb_failure_classifier,support_levitation,1.0000,1.0000,1.0000,1.0000,0.0000,1.0000,1.0000,0.0000,1.0000,0.9998,112,8
hgb_failure_classifier,timestamp_noncausal_corruption,1.0000,1.0000,1.0000,1.0000,0.0000,1.0000,1.0000,0.0000,1.0000,0.9999,112,8
hgb_failure_classifier,valid_clock_skew,0.0000,0.0000,0.0000,0.8839,0.1161,0.1161,0.0000,0.0000,0.0000,0.0113,112,8
hgb_failure_classifier,valid_low_friction_slip,0.0000,0.0000,0.0000,1.0000,0.0000,0.0000,0.0000,0.0000,0.0000,0.0002,112,8
isolation_forest_detector,actuator_saturation,0.0000,0.0000,0.0000,0.0000,0.0000,0.0000,1.0000,0.0000,1.0000,0.5406,112,8
isolation_forest_detector,adversarial_compensated_violation,1.0000,1.0000,1.0000,1.0000,0.0000,1.0000,1.0000,0.0000,1.0000,0.6750,112,8
isolation_forest_detector,combined_violation_shift,1.0000,1.0000,1.0000,1.0000,0.0000,1.0000,1.0000,0.0000,1.0000,0.6672,112,8
isolation_forest_detector,contact_corruption,1.0000,1.0000,1.0000,1.0000,0.0000,1.0000,1.0000,0.0000,1.0000,0.6593,112,8
isolation_forest_detector,energy_work_corruption,1.0000,0.1875,0.3158,0.1875,0.0000,0.1875,1.0000,0.0000,1.0000,0.6106,112,8
isolation_forest_detector,mixed_near_threshold,1.0000,0.0446,0.0855,0.0446,0.0000,0.0446,1.0000,0.0000,1.0000,0.6072,112,8
isolation_forest_detector,nominal_valid,0.0000,0.0000,0.0000,1.0000,0.0000,0.0000,0.0000,0.0000,0.0000,0.4272,112,8
isolation_forest_detector,noncausal_teleport,0.0000,0.0000,0.0000,0.0000,0.0000,0.0000,1.0000,0.0000,1.0000,0.5708,112,8
isolation_forest_detector,rare_valid_bounce,0.0000,0.0000,0.0000,0.8661,0.1339,0.1339,0.0000,0.0000,0.0000,0.5330,112,8
isolation_forest_detector,subtle_contact_corruption,1.0000,1.0000,1.0000,1.0000,0.0000,1.0000,1.0000,0.0000,1.0000,0.6585,112,8
isolation_forest_detector,subtle_energy_corruption,0.0000,0.0000,0.0000,0.0000,0.0000,0.0000,1.0000,0.0000,1.0000,0.4991,112,8
isolation_forest_detector,support_levitation,1.0000,0.0089,0.0177,0.0089,0.0000,0.0089,1.0000,0.0000,1.0000,0.5671,112,8
isolation_forest_detector,timestamp_noncausal_corruption,0.0000,0.0000,0.0000,0.0000,0.0000,0.0000,1.0000,0.0000,1.0000,0.5667,112,8
isolation_forest_detector,valid_clock_skew,0.0000,0.0000,0.0000,1.0000,0.0000,0.0000,0.0000,0.0000,0.0000,0.4457,112,8
isolation_forest_detector,valid_low_friction_slip,0.0000,0.0000,0.0000,1.0000,0.0000,0.0000,0.0000,0.0000,0.0000,0.4092,112,8
kinematic_residual_threshold,actuator_saturation,0.0000,0.0000,0.0000,0.0000,0.0000,0.0000,1.0000,0.0000,1.0000,1.6701,112,8
kinematic_residual_threshold,adversarial_compensated_violation,1.0000,1.0000,1.0000,1.0000,0.0000,1.0000,1.0000,0.0000,1.0000,2.5629,112,8
kinematic_residual_threshold,combined_violation_shift,1.0000,1.0000,1.0000,1.0000,0.0000,1.0000,1.0000,0.0000,1.0000,6.5846,112,8
kinematic_residual_threshold,contact_corruption,0.0000,0.0000,0.0000,0.0000,0.0000,0.0000,1.0000,0.0000,1.0000,0.7846,112,8
kinematic_residual_threshold,energy_work_corruption,1.0000,1.0000,1.0000,1.0000,0.0000,1.0000,1.0000,0.0000,1.0000,3.7095,112,8
kinematic_residual_threshold,mixed_near_threshold,1.0000,0.9107,0.9533,0.9107,0.0000,0.9107,1.0000,0.0000,1.0000,2.1639,112,8
kinematic_residual_threshold,nominal_valid,0.0000,0.0000,0.0000,1.0000,0.0000,0.0000,0.0000,0.0000,0.0000,0.8471,112,8
kinematic_residual_threshold,noncausal_teleport,1.0000,1.0000,1.0000,1.0000,0.0000,1.0000,1.0000,0.0000,1.0000,2.7979,112,8
kinematic_residual_threshold,rare_valid_bounce,0.0000,0.0000,0.0000,0.7857,0.2143,0.2143,0.0000,0.0000,0.0000,1.8357,112,8
kinematic_residual_threshold,subtle_contact_corruption,0.0000,0.0000,0.0000,0.0000,0.0000,0.0000,1.0000,0.0000,1.0000,0.6582,112,8
kinematic_residual_threshold,subtle_energy_corruption,0.0000,0.0000,0.0000,0.0000,0.0000,0.0000,1.0000,0.0000,1.0000,1.4818,112,8
kinematic_residual_threshold,support_levitation,1.0000,1.0000,1.0000,1.0000,0.0000,1.0000,1.0000,0.0000,1.0000,2.8213,112,8
kinematic_residual_threshold,timestamp_noncausal_corruption,1.0000,0.0982,0.1789,0.0982,0.0000,0.0982,1.0000,0.0000,1.0000,1.8226,112,8
kinematic_residual_threshold,valid_clock_skew,0.0000,0.0000,0.0000,1.0000,0.0000,0.0000,0.0000,0.0000,0.0000,0.8666,112,8
kinematic_residual_threshold,valid_low_friction_slip,0.0000,0.0000,0.0000,1.0000,0.0000,0.0000,0.0000,0.0000,0.0000,0.8316,112,8
logistic_residual_stack,actuator_saturation,1.0000,0.7857,0.8800,0.7857,0.0000,0.7857,1.0000,0.0000,1.0000,0.7795,112,8
logistic_residual_stack,adversarial_compensated_violation,1.0000,0.9821,0.9910,0.9821,0.0000,0.9821,1.0000,0.0000,1.0000,0.8910,112,8
logistic_residual_stack,combined_violation_shift,1.0000,1.0000,1.0000,1.0000,0.0000,1.0000,1.0000,0.0000,1.0000,0.9999,112,8
logistic_residual_stack,contact_corruption,1.0000,1.0000,1.0000,1.0000,0.0000,1.0000,1.0000,0.0000,1.0000,0.9978,112,8
logistic_residual_stack,energy_work_corruption,1.0000,0.8839,0.9384,0.8839,0.0000,0.8839,1.0000,0.0000,1.0000,0.8596,112,8
logistic_residual_stack,mixed_near_threshold,1.0000,1.0000,1.0000,1.0000,0.0000,1.0000,1.0000,0.0000,1.0000,0.8660,112,8
logistic_residual_stack,nominal_valid,0.0000,0.0000,0.0000,1.0000,0.0000,0.0000,0.0000,0.0000,0.0000,0.2407,112,8
logistic_residual_stack,noncausal_teleport,1.0000,0.9911,0.9955,0.9911,0.0000,0.9911,1.0000,0.0000,1.0000,0.9444,112,8
logistic_residual_stack,rare_valid_bounce,0.0000,0.0000,0.0000,0.7946,0.2054,0.2054,0.0000,0.0000,0.0000,0.5075,112,8
logistic_residual_stack,subtle_contact_corruption,1.0000,0.9107,0.9533,0.9107,0.0000,0.9107,1.0000,0.0000,1.0000,0.7617,112,8
logistic_residual_stack,subtle_energy_corruption,1.0000,0.0089,0.0177,0.0089,0.0000,0.0089,1.0000,0.0000,1.0000,0.4577,112,8
logistic_residual_stack,support_levitation,1.0000,1.0000,1.0000,1.0000,0.0000,1.0000,1.0000,0.0000,1.0000,0.9960,112,8
logistic_residual_stack,timestamp_noncausal_corruption,1.0000,0.6875,0.8148,0.6875,0.0000,0.6875,1.0000,0.0000,1.0000,0.7253,112,8
logistic_residual_stack,valid_clock_skew,0.0000,0.0000,0.0000,1.0000,0.0000,0.0000,0.0000,0.0000,0.0000,0.2525,112,8
logistic_residual_stack,valid_low_friction_slip,0.0000,0.0000,0.0000,1.0000,0.0000,0.0000,0.0000,0.0000,0.0000,0.1279,112,8
max_residual_detector,actuator_saturation,1.0000,0.2321,0.3768,0.2321,0.0000,0.2321,1.0000,0.0000,1.0000,280.1901,112,8
max_residual_detector,adversarial_compensated_violation,1.0000,0.5893,0.7416,0.5893,0.0000,0.5893,1.0000,0.0000,1.0000,587.6364,112,8
max_residual_detector,combined_violation_shift,1.0000,1.0000,1.0000,1.0000,0.0000,1.0000,1.0000,0.0000,1.0000,1235.4189,112,8
max_residual_detector,contact_corruption,0.0000,0.0000,0.0000,0.0000,0.0000,0.0000,1.0000,0.0000,1.0000,84.8987,112,8
max_residual_detector,energy_work_corruption,1.0000,0.2232,0.3650,0.2232,0.0000,0.2232,1.0000,0.0000,1.0000,274.4024,112,8
max_residual_detector,mixed_near_threshold,0.0000,0.0000,0.0000,0.0000,0.0000,0.0000,1.0000,0.0000,1.0000,135.2949,112,8
max_residual_detector,nominal_valid,0.0000,0.0000,0.0000,1.0000,0.0000,0.0000,0.0000,0.0000,0.0000,166.0810,112,8
max_residual_detector,noncausal_teleport,1.0000,1.0000,1.0000,1.0000,0.0000,1.0000,1.0000,0.0000,1.0000,875.9883,112,8
max_residual_detector,rare_valid_bounce,0.0000,0.0000,0.0000,0.9196,0.0804,0.0804,0.0000,0.0000,0.0000,296.9436,112,8
max_residual_detector,subtle_contact_corruption,0.0000,0.0000,0.0000,0.0000,0.0000,0.0000,1.0000,0.0000,1.0000,80.7908,112,8
max_residual_detector,subtle_energy_corruption,0.0000,0.0000,0.0000,0.0000,0.0000,0.0000,1.0000,0.0000,1.0000,131.1800,112,8
max_residual_detector,support_levitation,0.0000,0.0000,0.0000,0.0000,0.0000,0.0000,1.0000,0.0000,1.0000,84.8170,112,8
max_residual_detector,timestamp_noncausal_corruption,1.0000,0.5357,0.6977,0.5357,0.0000,0.5357,1.0000,0.0000,1.0000,500.0171,112,8
max_residual_detector,valid_clock_skew,0.0000,0.0000,0.0000,1.0000,0.0000,0.0000,0.0000,0.0000,0.0000,165.6306,112,8
max_residual_detector,valid_low_friction_slip,0.0000,0.0000,0.0000,0.7143,0.2857,0.2857,0.0000,0.0000,0.0000,405.4113,112,8
oracle_violation_labels,actuator_saturation,1.0000,1.0000,1.0000,1.0000,0.0000,1.0000,1.0000,0.0000,1.0000,1.0000,112,8
oracle_violation_labels,adversarial_compensated_violation,1.0000,1.0000,1.0000,1.0000,0.0000,1.0000,1.0000,0.0000,1.0000,1.0000,112,8
oracle_violation_labels,combined_violation_shift,1.0000,1.0000,1.0000,1.0000,0.0000,1.0000,1.0000,0.0000,1.0000,1.0000,112,8
oracle_violation_labels,contact_corruption,1.0000,1.0000,1.0000,1.0000,0.0000,1.0000,1.0000,0.0000,1.0000,1.0000,112,8
oracle_violation_labels,energy_work_corruption,1.0000,1.0000,1.0000,1.0000,0.0000,1.0000,1.0000,0.0000,1.0000,1.0000,112,8
oracle_violation_labels,mixed_near_threshold,1.0000,1.0000,1.0000,1.0000,0.0000,1.0000,1.0000,0.0000,1.0000,1.0000,112,8
oracle_violation_labels,nominal_valid,0.0000,0.0000,0.0000,1.0000,0.0000,0.0000,0.0000,0.0000,0.0000,0.0000,112,8
oracle_violation_labels,noncausal_teleport,1.0000,1.0000,1.0000,1.0000,0.0000,1.0000,1.0000,0.0000,1.0000,1.0000,112,8
oracle_violation_labels,rare_valid_bounce,0.0000,0.0000,0.0000,1.0000,0.0000,0.0000,0.0000,0.0000,0.0000,0.0000,112,8
oracle_violation_labels,subtle_contact_corruption,1.0000,1.0000,1.0000,1.0000,0.0000,1.0000,1.0000,0.0000,1.0000,1.0000,112,8
oracle_violation_labels,subtle_energy_corruption,1.0000,1.0000,1.0000,1.0000,0.0000,1.0000,1.0000,0.0000,1.0000,1.0000,112,8
oracle_violation_labels,support_levitation,1.0000,1.0000,1.0000,1.0000,0.0000,1.0000,1.0000,0.0000,1.0000,1.0000,112,8
oracle_violation_labels,timestamp_noncausal_corruption,1.0000,1.0000,1.0000,1.0000,0.0000,1.0000,1.0000,0.0000,1.0000,1.0000,112,8
oracle_violation_labels,valid_clock_skew,0.0000,0.0000,0.0000,1.0000,0.0000,0.0000,0.0000,0.0000,0.0000,0.0000,112,8
oracle_violation_labels,valid_low_friction_slip,0.0000,0.0000,0.0000,1.0000,0.0000,0.0000,0.0000,0.0000,0.0000,0.0000,112,8
pca_reconstruction_audit,actuator_saturation,1.0000,1.0000,1.0000,1.0000,0.0000,1.0000,1.0000,0.0000,1.0000,1.2377,112,8
pca_reconstruction_audit,adversarial_compensated_violation,1.0000,1.0000,1.0000,1.0000,0.0000,1.0000,1.0000,0.0000,1.0000,0.2710,112,8
pca_reconstruction_audit,combined_violation_shift,1.0000,1.0000,1.0000,1.0000,0.0000,1.0000,1.0000,0.0000,1.0000,6.2116,112,8
pca_reconstruction_audit,contact_corruption,1.0000,1.0000,1.0000,1.0000,0.0000,1.0000,1.0000,0.0000,1.0000,4.7763,112,8
pca_reconstruction_audit,energy_work_corruption,1.0000,1.0000,1.0000,1.0000,0.0000,1.0000,1.0000,0.0000,1.0000,0.3109,112,8
pca_reconstruction_audit,mixed_near_threshold,1.0000,1.0000,1.0000,1.0000,0.0000,1.0000,1.0000,0.0000,1.0000,0.4188,112,8
pca_reconstruction_audit,nominal_valid,0.0000,0.0000,0.0000,0.9464,0.0536,0.0536,0.0000,0.0000,0.0000,0.0033,112,8
pca_reconstruction_audit,noncausal_teleport,1.0000,1.0000,1.0000,1.0000,0.0000,1.0000,1.0000,0.0000,1.0000,0.8876,112,8
pca_reconstruction_audit,rare_valid_bounce,0.0000,0.0000,0.0000,0.6696,0.3304,0.3304,0.0000,0.0000,0.0000,0.0153,112,8
pca_reconstruction_audit,subtle_contact_corruption,1.0000,1.0000,1.0000,1.0000,0.0000,1.0000,1.0000,0.0000,1.0000,0.7342,112,8
pca_reconstruction_audit,subtle_energy_corruption,1.0000,0.6786,0.8085,0.6786,0.0000,0.6786,1.0000,0.0000,1.0000,0.0165,112,8
pca_reconstruction_audit,support_levitation,1.0000,1.0000,1.0000,1.0000,0.0000,1.0000,1.0000,0.0000,1.0000,2.6804,112,8
pca_reconstruction_audit,timestamp_noncausal_corruption,1.0000,1.0000,1.0000,1.0000,0.0000,1.0000,1.0000,0.0000,1.0000,0.2075,112,8
pca_reconstruction_audit,valid_clock_skew,0.0000,0.0000,0.0000,0.9464,0.0536,0.0536,0.0000,0.0000,0.0000,0.0034,112,8
pca_reconstruction_audit,valid_low_friction_slip,0.0000,0.0000,0.0000,1.0000,0.0000,0.0000,0.0000,0.0000,0.0000,0.0021,112,8
physics_violation_audit,actuator_saturation,1.0000,0.2321,0.3768,0.2321,0.0000,0.2321,1.0000,0.0000,1.0000,176.2338,112,8
physics_violation_audit,adversarial_compensated_violation,1.0000,0.5893,0.7416,0.5893,0.0000,0.5893,1.0000,0.0000,1.0000,368.0309,112,8
physics_violation_audit,combined_violation_shift,1.0000,1.0000,1.0000,1.0000,0.0000,1.0000,1.0000,0.0000,1.0000,774.9125,112,8
physics_violation_audit,contact_corruption,0.0000,0.0000,0.0000,0.0000,0.0000,0.0000,1.0000,0.0000,1.0000,53.3062,112,8
physics_violation_audit,energy_work_corruption,1.0000,0.2232,0.3650,0.2232,0.0000,0.2232,1.0000,0.0000,1.0000,172.3667,112,8
physics_violation_audit,mixed_near_threshold,0.0000,0.0000,0.0000,0.0000,0.0000,0.0000,1.0000,0.0000,1.0000,84.9077,112,8
physics_violation_audit,nominal_valid,0.0000,0.0000,0.0000,1.0000,0.0000,0.0000,0.0000,0.0000,0.0000,104.0007,112,8
physics_violation_audit,noncausal_teleport,1.0000,1.0000,1.0000,1.0000,0.0000,1.0000,1.0000,0.0000,1.0000,548.3514,112,8
physics_violation_audit,rare_valid_bounce,0.0000,0.0000,0.0000,0.9196,0.0804,0.0804,0.0000,0.0000,0.0000,186.0725,112,8
physics_violation_audit,subtle_contact_corruption,0.0000,0.0000,0.0000,0.0000,0.0000,0.0000,1.0000,0.0000,1.0000,50.6497,112,8
physics_violation_audit,subtle_energy_corruption,0.0000,0.0000,0.0000,0.0000,0.0000,0.0000,1.0000,0.0000,1.0000,82.2383,112,8
physics_violation_audit,support_levitation,0.0000,0.0000,0.0000,0.0000,0.0000,0.0000,1.0000,0.0000,1.0000,53.5619,112,8
physics_violation_audit,timestamp_noncausal_corruption,1.0000,0.5357,0.6977,0.5357,0.0000,0.5357,1.0000,0.0000,1.0000,313.0149,112,8
physics_violation_audit,valid_clock_skew,0.0000,0.0000,0.0000,1.0000,0.0000,0.0000,0.0000,0.0000,0.0000,103.7202,112,8
physics_violation_audit,valid_low_friction_slip,0.0000,0.0000,0.0000,0.7143,0.2857,0.2857,0.0000,0.0000,0.0000,253.6078,112,8
physics_violation_audit_v5,actuator_saturation,1.0000,0.2232,0.3650,0.2232,0.0000,0.2232,1.0000,0.0000,1.0000,157.0856,112,8
physics_violation_audit_v5,adversarial_compensated_violation,1.0000,0.5893,0.7416,0.5893,0.0000,0.5893,1.0000,0.0000,1.0000,329.7176,112,8
physics_violation_audit_v5,combined_violation_shift,1.0000,1.0000,1.0000,1.0000,0.0000,1.0000,1.0000,0.0000,1.0000,686.0939,112,8
physics_violation_audit_v5,contact_corruption,0.0000,0.0000,0.0000,0.0000,0.0000,0.0000,1.0000,0.0000,1.0000,46.9493,112,8
physics_violation_audit_v5,energy_work_corruption,1.0000,0.2232,0.3650,0.2232,0.0000,0.2232,1.0000,0.0000,1.0000,152.6367,112,8
physics_violation_audit_v5,mixed_near_threshold,0.0000,0.0000,0.0000,0.0000,0.0000,0.0000,1.0000,0.0000,1.0000,75.7414,112,8
physics_violation_audit_v5,nominal_valid,0.0000,0.0000,0.0000,1.0000,0.0000,0.0000,0.0000,0.0000,0.0000,90.3592,112,8
physics_violation_audit_v5,noncausal_teleport,1.0000,1.0000,1.0000,1.0000,0.0000,1.0000,1.0000,0.0000,1.0000,478.4066,112,8
physics_violation_audit_v5,rare_valid_bounce,0.0000,0.0000,0.0000,0.9196,0.0804,0.0804,0.0000,0.0000,0.0000,166.7308,112,8
physics_violation_audit_v5,subtle_contact_corruption,0.0000,0.0000,0.0000,0.0000,0.0000,0.0000,1.0000,0.0000,1.0000,44.3935,112,8
physics_violation_audit_v5,subtle_energy_corruption,0.0000,0.0000,0.0000,0.0000,0.0000,0.0000,1.0000,0.0000,1.0000,71.9597,112,8
physics_violation_audit_v5,support_levitation,0.0000,0.0000,0.0000,0.0000,0.0000,0.0000,1.0000,0.0000,1.0000,48.0587,112,8
physics_violation_audit_v5,timestamp_noncausal_corruption,1.0000,0.5268,0.6901,0.5268,0.0000,0.5268,1.0000,0.0000,1.0000,272.6173,112,8
physics_violation_audit_v5,valid_clock_skew,0.0000,0.0000,0.0000,1.0000,0.0000,0.0000,0.0000,0.0000,0.0000,89.8198,112,8
physics_violation_audit_v5,valid_low_friction_slip,0.0000,0.0000,0.0000,0.7143,0.2857,0.2857,0.0000,0.0000,0.0000,226.5195,112,8
random_flagger,actuator_saturation,1.0000,0.5268,0.6901,0.5268,0.0000,0.5268,1.0000,0.0000,1.0000,0.5238,112,8
random_flagger,adversarial_compensated_violation,1.0000,0.4554,0.6258,0.4554,0.0000,0.4554,1.0000,0.0000,1.0000,0.4986,112,8
random_flagger,combined_violation_shift,1.0000,0.4643,0.6341,0.4643,0.0000,0.4643,1.0000,0.0000,1.0000,0.4910,112,8
random_flagger,contact_corruption,1.0000,0.6161,0.7624,0.6161,0.0000,0.6161,1.0000,0.0000,1.0000,0.5731,112,8
random_flagger,energy_work_corruption,1.0000,0.5357,0.6977,0.5357,0.0000,0.5357,1.0000,0.0000,1.0000,0.4962,112,8
random_flagger,mixed_near_threshold,1.0000,0.4821,0.6506,0.4821,0.0000,0.4821,1.0000,0.0000,1.0000,0.4954,112,8
random_flagger,nominal_valid,0.0000,0.0000,0.0000,0.5625,0.4375,0.4375,0.0000,0.0000,0.0000,0.4677,112,8
random_flagger,noncausal_teleport,1.0000,0.5089,0.6746,0.5089,0.0000,0.5089,1.0000,0.0000,1.0000,0.5127,112,8
random_flagger,rare_valid_bounce,0.0000,0.0000,0.0000,0.5357,0.4643,0.4643,0.0000,0.0000,0.0000,0.4822,112,8
random_flagger,subtle_contact_corruption,1.0000,0.5804,0.7345,0.5804,0.0000,0.5804,1.0000,0.0000,1.0000,0.5329,112,8
random_flagger,subtle_energy_corruption,1.0000,0.5804,0.7345,0.5804,0.0000,0.5804,1.0000,0.0000,1.0000,0.5080,112,8
random_flagger,support_levitation,1.0000,0.5268,0.6901,0.5268,0.0000,0.5268,1.0000,0.0000,1.0000,0.5158,112,8
random_flagger,timestamp_noncausal_corruption,1.0000,0.5446,0.7052,0.5446,0.0000,0.5446,1.0000,0.0000,1.0000,0.5632,112,8
random_flagger,valid_clock_skew,0.0000,0.0000,0.0000,0.5357,0.4643,0.4643,0.0000,0.0000,0.0000,0.4698,112,8
random_flagger,valid_low_friction_slip,0.0000,0.0000,0.0000,0.4732,0.5268,0.5268,0.0000,0.0000,0.0000,0.5111,112,8
random_forest_ensemble,actuator_saturation,1.0000,1.0000,1.0000,1.0000,0.0000,1.0000,1.0000,0.0000,1.0000,0.9655,112,8
random_forest_ensemble,adversarial_compensated_violation,1.0000,1.0000,1.0000,1.0000,0.0000,1.0000,1.0000,0.0000,1.0000,0.9551,112,8
random_forest_ensemble,combined_violation_shift,1.0000,1.0000,1.0000,1.0000,0.0000,1.0000,1.0000,0.0000,1.0000,0.8588,112,8
random_forest_ensemble,contact_corruption,1.0000,1.0000,1.0000,1.0000,0.0000,1.0000,1.0000,0.0000,1.0000,0.9949,112,8
random_forest_ensemble,energy_work_corruption,1.0000,1.0000,1.0000,1.0000,0.0000,1.0000,1.0000,0.0000,1.0000,0.9871,112,8
random_forest_ensemble,mixed_near_threshold,1.0000,1.0000,1.0000,1.0000,0.0000,1.0000,1.0000,0.0000,1.0000,0.9662,112,8
random_forest_ensemble,nominal_valid,0.0000,0.0000,0.0000,0.8929,0.1071,0.1071,0.0000,0.0000,0.0000,0.1415,112,8
random_forest_ensemble,noncausal_teleport,1.0000,1.0000,1.0000,1.0000,0.0000,1.0000,1.0000,0.0000,1.0000,0.9850,112,8
random_forest_ensemble,rare_valid_bounce,0.0000,0.0000,0.0000,0.8482,0.1518,0.1518,0.0000,0.0000,0.0000,0.2016,112,8
random_forest_ensemble,subtle_contact_corruption,1.0000,1.0000,1.0000,1.0000,0.0000,1.0000,1.0000,0.0000,1.0000,0.9929,112,8
random_forest_ensemble,subtle_energy_corruption,1.0000,1.0000,1.0000,1.0000,0.0000,1.0000,1.0000,0.0000,1.0000,0.9126,112,8
random_forest_ensemble,support_levitation,1.0000,1.0000,1.0000,1.0000,0.0000,1.0000,1.0000,0.0000,1.0000,0.9733,112,8
random_forest_ensemble,timestamp_noncausal_corruption,1.0000,1.0000,1.0000,1.0000,0.0000,1.0000,1.0000,0.0000,1.0000,0.9845,112,8
random_forest_ensemble,valid_clock_skew,0.0000,0.0000,0.0000,0.9107,0.0893,0.0893,0.0000,0.0000,0.0000,0.1306,112,8
random_forest_ensemble,valid_low_friction_slip,0.0000,0.0000,0.0000,1.0000,0.0000,0.0000,0.0000,0.0000,0.0000,0.0458,112,8
