split,seed,episode,severity,label,unsafe,corruption,max_pose_jump,max_accel,contact_without_accel,motion_without_contact,energy_work_mismatch,support_violation,penetration_depth,friction_slip_inconsistency,actuator_saturation_score,causality_jump_score,max_contact_force,mean_contact_force,path_length,work_proxy,kinetic_energy_gain,z_range,timestamp_skew_score,impact_consistency_score,rare_valid_contact_score,noise_level
nominal_valid,0,0,0.4000,0,0,nominal_valid,0.013874,15.061578,0.010287,0.997890,0.015357,0.000000,0.000453,2459.341892,0.000000,0.396401,2.466124,0.375889,0.455542,0.101432,0.178632,0.014127,0.000000,0.000002,0.153542,0.000000
rare_valid_bounce,1,1,0.5000,0,0,rare_valid_bounce,0.020801,87.865904,0.053951,1.746009,0.089513,0.000000,0.000602,2005.065062,0.000000,0.594304,52.395083,1.626175,0.707919,1.461378,0.555818,0.016849,0.000000,0.000001,0.589597,0.000500
valid_clock_skew,2,2,0.6000,0,0,valid_clock_skew,0.012572,18.044792,0.001642,1.208007,0.021066,0.000000,0.000329,2483.673606,0.000000,0.359198,6.090519,0.620386,0.523531,0.206086,0.276458,0.015159,0.028772,0.000001,0.319800,0.001000
valid_low_friction_slip,3,3,0.7000,0,0,valid_low_friction_slip,0.016933,29.652485,0.000000,1.654170,0.025191,0.000000,0.000430,6516.888068,0.000000,0.483793,5.016862,0.292119,0.673334,0.190458,0.301720,0.011972,0.000000,0.000000,0.163669,0.001500
contact_corruption,4,4,0.8000,1,1,contact_corruption,0.011953,42.297599,1.973830,1.176826,0.034737,0.000000,0.008097,1287.307301,0.000000,0.341501,362.180508,32.872316,0.489251,0.471601,0.419879,0.010643,0.000000,0.326080,8.364910,0.002000
energy_work_corruption,5,5,0.9000,1,1,energy_work_corruption,0.035001,164.309312,0.011935,0.737420,0.320344,0.000000,0.000770,1334.318494,0.000000,1.000037,4.176266,0.729759,0.377283,0.215751,0.580715,0.002261,0.000000,0.248162,0.025263,0.000000
support_levitation,6,6,1.0000,1,1,support_levitation,0.085606,20.540258,0.000000,0.630231,0.111595,0.173913,0.000576,1120.237112,0.000000,2.445878,3.919306,0.462546,0.324602,0.170306,0.222093,0.087832,0.000000,0.000001,0.181953,0.000500
actuator_saturation,7,7,1.1000,1,1,actuator_saturation,0.052815,35.553309,0.000000,1.061843,0.017682,0.000000,0.000684,1281.797263,5.280909,1.509006,4.697843,1.202387,0.462830,0.376228,0.244989,0.005397,0.000000,0.344964,0.128520,0.001000
noncausal_teleport,0,8,1.2000,1,1,noncausal_teleport,0.098882,46.994886,0.000000,9.888029,0.025657,0.000000,0.000449,23798.660285,0.000000,2.825193,9.738553,0.797174,0.506370,0.307795,0.258369,0.006332,0.000000,0.000000,0.202908,0.001500
subtle_contact_corruption,1,9,0.4000,1,1,subtle_contact_corruption,0.012493,42.004366,0.360111,0.822001,0.020251,0.000000,0.001520,815.828872,0.000000,0.356933,71.566574,7.334770,0.430321,0.364262,0.297157,0.012957,0.000000,0.317155,1.664170,0.002000
subtle_energy_corruption,2,10,0.5000,1,1,subtle_energy_corruption,0.008160,46.575156,0.013256,0.517481,0.030733,0.000000,0.000533,480.220066,0.000000,0.233142,6.824027,1.546442,0.296667,0.378255,0.282891,0.003474,0.000000,0.398318,0.143437,0.000000
timestamp_noncausal_corruption,3,11,0.6000,1,1,timestamp_noncausal_corruption,0.027709,29.348915,0.000000,2.766629,0.014440,0.000000,0.000423,6351.754358,0.000000,0.791697,7.963114,1.025770,0.364071,0.309296,0.193370,0.002624,0.006000,0.000003,0.262385,0.000500
adversarial_compensated_violation,4,12,0.7000,1,1,adversarial_compensated_violation,0.035955,89.581300,0.227586,3.567331,0.153899,0.000000,0.001986,3892.502403,0.000000,1.027281,42.000000,6.685304,0.761037,2.855457,0.586601,0.023903,0.000000,0.000001,0.463672,0.001000
mixed_near_threshold,5,13,0.8000,1,1,mixed_near_threshold,0.029985,57.882560,0.006534,0.687820,0.080284,0.000000,0.003094,1096.798611,0.000000,0.856707,7.074695,1.168993,0.365911,0.266045,0.396791,0.038608,0.000000,0.303712,0.120149,0.001500
nominal_valid,6,14,0.9000,0,0,nominal_valid,0.022545,19.222586,0.000000,1.627939,0.024828,0.000000,0.000463,2884.044384,0.000000,0.644137,4.625232,0.802613,0.599015,0.187951,0.291749,0.020614,0.000000,0.084420,0.228716,0.002000
rare_valid_bounce,7,15,1.0000,0,0,rare_valid_bounce,0.025868,57.248585,0.000000,2.582542,0.120447,0.000000,0.000694,4075.819855,0.000000,0.739083,14.292365,0.826801,0.880849,0.809939,0.839389,0.015657,0.000000,0.000006,0.245368,0.000000
valid_clock_skew,0,16,1.1000,0,0,valid_clock_skew,0.014499,18.203581,0.000000,1.278099,0.014491,0.000000,0.000409,2612.327773,0.000000,0.414250,3.628972,0.511331,0.605416,0.122182,0.267531,0.016934,0.018725,0.000003,0.188974,0.000500
valid_low_friction_slip,1,17,1.2000,0,0,valid_low_friction_slip,0.017264,20.607081,0.000000,1.544181,0.015340,0.000000,0.000509,5047.443297,0.000000,0.493245,2.388188,0.236905,0.636600,0.129011,0.224154,0.013976,0.000000,0.000001,0.110528,0.001000
contact_corruption,2,18,0.4000,1,1,contact_corruption,0.010142,36.877833,0.979675,0.958765,0.016144,0.000000,0.004638,1442.370240,0.000000,0.289759,181.599694,16.698432,0.365394,0.191601,0.186704,0.009080,0.000000,0.001872,4.794353,0.001500
energy_work_corruption,3,19,0.5000,1,1,energy_work_corruption,0.024589,109.892855,0.006948,0.808665,0.146378,0.000000,0.000871,784.202698,0.000000,0.702542,11.818020,1.868824,0.455437,0.424805,0.578440,0.014983,0.000000,0.310561,0.106572,0.002000
support_levitation,4,20,0.6000,1,1,support_levitation,0.051690,14.472675,0.000000,0.463160,0.063609,0.173913,0.000572,956.950509,0.000000,1.476856,2.737481,0.490910,0.277410,0.149132,0.132614,0.052083,0.000000,0.000001,0.176924,0.000000
actuator_saturation,5,21,0.7000,1,1,actuator_saturation,0.029724,34.021618,0.004700,0.393240,0.011809,0.000000,0.000316,869.323104,2.971715,0.849252,4.681964,1.011644,0.352417,0.278730,0.161998,0.007506,0.000000,0.434371,0.133688,0.000500
noncausal_teleport,6,22,0.8000,1,1,noncausal_teleport,0.060206,48.346414,0.007321,6.016423,0.036110,0.000000,0.000305,5811.166144,0.000000,1.720159,9.302692,1.751465,0.405901,0.511766,0.313580,0.007123,0.000000,0.314949,0.188518,0.001000
subtle_contact_corruption,7,23,0.9000,1,1,subtle_contact_corruption,0.009711,18.856490,0.844988,0.678340,0.016777,0.000000,0.003922,1012.743611,0.000000,0.277463,158.336523,14.624283,0.355852,0.280411,0.207235,0.009187,0.000000,0.281960,7.974044,0.001500
subtle_energy_corruption,0,24,1.0000,1,1,subtle_energy_corruption,0.016189,81.604665,0.000000,1.580220,0.063408,0.000000,0.000481,1727.590393,0.000000,0.462550,7.779401,1.026306,0.417268,0.237449,0.271608,0.008882,0.000000,0.381044,0.094176,0.002000
timestamp_noncausal_corruption,1,25,1.1000,1,1,timestamp_noncausal_corruption,0.045018,28.603709,0.020588,4.501761,0.019147,0.000000,0.000529,8237.029970,0.000000,1.286227,11.135680,1.135467,0.336208,0.281719,0.216665,0.001660,0.011000,0.000000,0.376158,0.000000
adversarial_compensated_violation,2,26,1.2000,1,1,adversarial_compensated_violation,0.054883,78.951028,0.448713,5.488136,0.443567,0.000000,0.002965,5534.293281,0.000000,1.568080,87.414310,11.429612,0.938263,4.286020,2.018593,0.027330,0.000000,0.000001,1.093348,0.000500
mixed_near_threshold,3,27,0.4000,1,1,mixed_near_threshold,0.019269,27.096704,0.005120,0.830745,0.044190,0.000000,0.001872,1724.465367,0.000000,0.550549,4.418222,0.896791,0.299804,0.221649,0.213809,0.018676,0.000000,0.000005,0.157251,0.001000
nominal_valid,4,28,0.5000,0,0,nominal_valid,0.015935,16.232187,0.009539,1.388282,0.016816,0.000000,0.000496,2629.350057,0.000000,0.455282,4.886260,0.982263,0.534366,0.323591,0.255107,0.012012,0.000000,0.227857,0.283554,0.001500
rare_valid_bounce,5,29,0.6000,0,0,rare_valid_bounce,0.033183,68.501615,0.000000,3.317700,0.195555,0.000000,0.000368,4326.173302,0.000000,0.948094,16.607405,1.033966,0.969686,0.892422,1.270225,0.033028,0.000000,0.000000,0.238950,0.002000
valid_clock_skew,6,30,0.7000,0,0,valid_clock_skew,0.015209,24.244877,0.014589,1.052342,0.033310,0.000000,0.000758,1199.628717,0.000000,0.434535,7.354575,1.527769,0.532476,0.456534,0.442815,0.013857,0.031535,0.417859,0.291329,0.000000
valid_low_friction_slip,7,31,0.8000,0,0,valid_low_friction_slip,0.019778,14.477186,0.000000,1.335171,0.026820,0.000000,0.000439,4907.065941,0.000000,0.565088,2.716630,0.319416,0.609217,0.166022,0.370634,0.012336,0.000000,0.000001,0.175525,0.000500
contact_corruption,0,32,0.9000,1,1,contact_corruption,0.008654,32.124379,2.244125,0.809670,0.017353,0.000000,0.009000,1128.946561,0.000000,0.247248,406.632025,36.064254,0.362840,0.248415,0.199321,0.005254,0.000000,0.243389,12.275914,0.001000
energy_work_corruption,1,33,1.0000,1,1,energy_work_corruption,0.035478,184.485442,0.060091,0.972212,0.386925,0.000000,0.000739,1033.703505,0.000000,1.013653,17.327792,2.426556,0.463199,0.475881,0.991219,0.018208,0.000000,0.027976,0.093419,0.001500
support_levitation,2,34,1.1000,1,1,support_levitation,0.093836,49.544017,0.004661,1.172455,0.136029,0.173913,0.000542,1210.058011,0.000000,2.681029,15.128575,1.306818,0.426700,0.302632,0.368005,0.106577,0.000000,0.165402,0.299315,0.002000
actuator_saturation,3,35,1.2000,1,1,actuator_saturation,0.056219,25.376620,0.010159,5.621609,0.007382,0.000000,0.000523,8102.035406,5.621609,1.606265,7.618900,0.684343,0.394189,0.176589,0.109385,0.001552,0.000000,0.424959,0.288850,0.000000
noncausal_teleport,4,36,0.4000,1,1,noncausal_teleport,0.031022,26.067749,0.000000,3.102181,0.013957,0.000000,0.000466,6205.536157,0.000000,0.886354,3.593262,0.791376,0.332968,0.219310,0.135879,0.002456,0.000000,0.150226,0.132751,0.000500
subtle_contact_corruption,5,37,0.5000,1,1,subtle_contact_corruption,0.006670,35.511003,0.488613,0.533110,0.024318,0.000000,0.002400,542.457525,0.000000,0.190559,93.016817,9.272630,0.291599,0.476629,0.181262,0.004920,0.000000,0.431909,2.547638,0.001000
subtle_energy_corruption,6,38,0.6000,1,1,subtle_energy_corruption,0.010683,43.715326,0.000000,0.514560,0.039875,0.000000,0.000426,503.360278,0.000000,0.305226,5.933311,1.832095,0.376349,0.445033,0.463534,0.009491,0.000000,0.425463,0.132691,0.001500
timestamp_noncausal_corruption,7,39,0.7000,1,1,timestamp_noncausal_corruption,0.034019,23.331549,0.000000,3.401262,0.014972,0.000000,0.000816,4519.954389,0.000000,0.971980,11.310637,0.962629,0.430679,0.214603,0.233177,0.008389,0.007000,0.231550,0.464855,0.002000
adversarial_compensated_violation,0,40,0.8000,1,1,adversarial_compensated_violation,0.036878,93.460676,0.341932,3.687815,0.095396,0.000000,0.001209,5021.401743,0.000000,1.053661,61.547820,9.136816,0.636885,4.218539,0.656263,0.008898,0.000000,0.000006,0.651571,0.000000
mixed_near_threshold,1,41,0.9000,1,1,mixed_near_threshold,0.038019,61.325113,0.000000,0.572748,0.092469,0.000000,0.003688,1255.081441,0.000000,1.086267,3.897869,0.580474,0.347320,0.204911,0.232901,0.036337,0.000000,0.000001,0.062541,0.000500
nominal_valid,2,42,1.0000,0,0,nominal_valid,0.016867,26.925539,0.000000,1.514664,0.017071,0.000000,0.000649,2151.736477,0.000000,0.481924,5.852396,0.878921,0.584805,0.249046,0.262181,0.019198,0.000000,0.034145,0.209571,0.001000
rare_valid_bounce,3,43,1.1000,0,0,rare_valid_bounce,0.032678,100.368136,0.033765,3.253268,0.230119,0.000000,0.002452,3446.309148,0.000000,0.933666,20.974823,1.478023,0.983333,1.075486,1.345611,0.029475,0.000000,0.000000,0.206917,0.001500
valid_clock_skew,4,44,1.2000,0,0,valid_clock_skew,0.020352,20.295826,0.000000,1.746017,0.020514,0.000000,0.000673,2667.772080,0.000000,0.581483,5.105077,0.936352,0.676085,0.234977,0.311174,0.017643,0.027167,0.311426,0.239722,0.002000
valid_low_friction_slip,5,45,0.4000,0,0,valid_low_friction_slip,0.014037,24.933625,0.020756,1.381908,0.015605,0.000000,0.000385,3528.008903,0.000000,0.401054,3.741597,0.282878,0.492503,0.144625,0.158663,0.012471,0.000000,0.000001,0.144276,0.000000
contact_corruption,6,46,0.5000,1,1,contact_corruption,0.006615,29.261053,1.229193,0.650515,0.010134,0.000000,0.005186,950.811314,0.000000,0.189008,228.589039,20.348531,0.285358,0.169099,0.113600,0.002697,0.000000,0.030619,7.553902,0.000500
energy_work_corruption,7,47,0.6000,1,1,energy_work_corruption,0.024043,107.294712,0.000000,0.779287,0.157335,0.000000,0.000393,4029.277334,0.000000,0.686934,3.844039,0.464517,0.364702,0.102856,0.298637,0.004764,0.000000,0.000001,0.035496,0.001000
support_levitation,0,48,0.7000,1,1,support_levitation,0.061328,28.247654,0.016405,0.932601,0.084761,0.173913,0.000501,1152.516703,0.000000,1.752216,10.392425,1.229012,0.384159,0.287471,0.316461,0.065748,0.000000,0.000001,0.355325,0.001500
actuator_saturation,1,49,0.8000,1,1,actuator_saturation,0.038637,32.409619,0.000000,0.845847,0.019756,0.000000,0.000745,1039.085652,3.823326,1.103913,10.954325,1.729488,0.505310,0.414827,0.304888,0.010951,0.000000,0.177374,0.327879,0.002000
noncausal_teleport,2,50,0.9000,1,1,noncausal_teleport,0.069217,35.887925,0.008181,6.921656,0.007741,0.000000,0.000414,18392.139033,0.000000,1.977616,2.262441,0.294908,0.346983,0.081831,0.069681,0.001174,0.000000,0.000002,0.061333,0.000000
subtle_contact_corruption,3,51,1.0000,1,1,subtle_contact_corruption,0.006747,23.461769,0.937230,0.524349,0.007369,0.000000,0.004081,1142.612437,0.000000,0.192762,171.957178,15.254872,0.291563,0.109976,0.085228,0.002596,0.000000,0.001007,7.029630,0.000500
subtle_energy_corruption,4,52,1.1000,1,1,subtle_energy_corruption,0.016887,86.148026,0.005693,0.590103,0.089617,0.000000,0.000486,1095.780654,0.000000,0.482476,5.916274,0.549571,0.341808,0.123458,0.232808,0.006957,0.000000,0.053452,0.067888,0.001000
timestamp_noncausal_corruption,5,53,1.2000,1,1,timestamp_noncausal_corruption,0.055001,46.533670,0.000000,5.500078,0.020151,0.000000,0.000491,17739.286109,0.000000,1.571466,4.077300,0.528309,0.455736,0.156012,0.232835,0.006190,0.012000,0.000000,0.085777,0.001500
adversarial_compensated_violation,6,54,0.4000,1,1,adversarial_compensated_violation,0.029108,95.178814,0.122082,2.726391,0.139758,0.000000,0.002530,2687.007914,0.000000,0.831666,24.000000,4.477240,0.683934,1.867406,1.205906,0.023334,0.000000,0.000000,0.249535,0.002000
mixed_near_threshold,7,55,0.5000,1,1,mixed_near_threshold,0.022059,32.557064,0.014124,0.622661,0.042764,0.000000,0.002353,821.617748,0.000000,0.630270,7.732393,1.154779,0.254691,0.232599,0.233013,0.020507,0.000000,0.000001,0.230425,0.000000
nominal_valid,0,56,0.6000,0,0,nominal_valid,0.011352,17.861298,0.012792,1.085645,0.019932,0.000000,0.000395,1953.115306,0.000000,0.324337,8.571029,1.342216,0.458352,0.335526,0.327559,0.012386,0.000000,0.251743,0.454424,0.000500
rare_valid_bounce,1,57,0.7000,0,0,rare_valid_bounce,0.026158,51.837262,0.057728,1.832557,0.143479,0.000000,0.000696,3825.519718,0.000000,0.747383,13.535767,0.856071,0.777945,0.953051,0.911722,0.012855,0.000000,0.000001,0.256178,0.001000
valid_clock_skew,2,58,0.8000,0,0,valid_clock_skew,0.018417,20.140864,0.000000,1.792455,0.017474,0.000000,0.000492,3021.836935,0.000000,0.526194,5.539846,0.582404,0.539907,0.159849,0.281317,0.016959,0.022224,0.249101,0.262044,0.001500
valid_low_friction_slip,3,59,0.9000,0,0,valid_low_friction_slip,0.017864,26.452601,0.002467,1.713346,0.036460,0.000000,0.000458,5150.124894,0.000000,0.510411,4.733969,0.403995,0.669677,0.194764,0.352410,0.019245,0.000000,0.000000,0.172442,0.002000
contact_corruption,4,60,1.0000,1,1,contact_corruption,0.006221,37.929370,2.494060,0.608388,0.018045,0.000000,0.010223,941.219371,0.000000,0.177736,453.184134,40.788292,0.291772,0.458731,0.215799,0.001728,0.000000,0.226652,11.641189,0.000000
energy_work_corruption,5,61,1.1000,1,1,energy_work_corruption,0.040280,198.887833,0.009165,4.027957,0.486488,0.000000,0.000441,7286.629085,0.000000,1.150847,6.006549,1.230974,0.314113,0.255186,0.863616,0.003188,0.000000,0.034155,0.030050,0.000500
support_levitation,6,62,1.2000,1,1,support_levitation,0.104226,16.373191,0.000000,0.827169,0.244338,0.173913,0.000656,1564.671992,0.000000,2.977891,9.230999,0.975798,0.381801,0.288377,0.552299,0.106254,0.000000,0.000001,0.531336,0.001000
actuator_saturation,7,63,0.4000,1,1,actuator_saturation,0.019344,35.976230,0.015061,0.949292,0.033496,0.000000,0.000789,1052.647748,1.929277,0.552689,10.636448,2.005855,0.394895,0.361095,0.371144,0.012292,0.000000,0.253600,0.287656,0.001500
noncausal_teleport,0,64,0.5000,1,1,noncausal_teleport,0.046129,54.111051,0.002196,4.603676,0.025766,0.000000,0.000545,8673.934912,0.000000,1.317977,4.477858,0.708843,0.513895,0.238593,0.288718,0.009514,0.000000,0.000000,0.081252,0.002000
subtle_contact_corruption,1,65,0.6000,1,1,subtle_contact_corruption,0.006017,16.905345,0.559280,0.581482,0.009771,0.000000,0.002530,1113.217715,0.000000,0.171910,105.517921,9.769433,0.308971,0.265550,0.123166,0.001620,0.000000,0.004624,5.893096,0.000000
subtle_energy_corruption,2,66,0.7000,1,1,subtle_energy_corruption,0.011556,48.736726,0.004645,1.144760,0.027931,0.000000,0.000422,2070.601455,0.000000,0.330179,3.977115,0.752457,0.333345,0.208810,0.175417,0.002878,0.000000,0.175039,0.079963,0.000500
timestamp_noncausal_corruption,3,67,0.8000,1,1,timestamp_noncausal_corruption,0.033915,47.631684,0.000000,3.390609,0.021961,0.000000,0.000560,3257.483157,0.000000,0.968996,5.376688,0.999256,0.409944,0.343272,0.203820,0.005681,0.008000,0.342528,0.110559,0.001000
adversarial_compensated_violation,4,68,0.9000,1,1,adversarial_compensated_violation,0.040162,72.964236,0.292208,4.003622,0.096316,0.000000,0.000715,5451.190131,0.000000,1.147482,54.000000,7.719048,0.571168,2.782735,0.442690,0.009730,0.000000,0.000000,0.730083,0.001500
mixed_near_threshold,5,69,1.0000,1,1,mixed_near_threshold,0.039220,70.752617,0.002095,1.522613,0.135141,0.000000,0.004149,3445.240832,0.000000,1.120578,5.314434,0.702225,0.426497,0.183816,0.420376,0.045605,0.000000,0.000001,0.074066,0.002000
nominal_valid,6,70,1.1000,0,0,nominal_valid,0.017384,20.441281,0.010060,1.047126,0.018657,0.000000,0.000560,1908.887654,0.000000,0.496676,6.322390,0.899060,0.542312,0.276552,0.314367,0.014456,0.000000,0.173809,0.294870,0.000000
rare_valid_bounce,7,71,1.2000,0,0,rare_valid_bounce,0.022300,49.166443,0.000000,2.224589,0.092926,0.000000,0.000711,3885.403753,0.000000,0.637132,13.808193,0.784697,0.829832,0.747657,0.767535,0.021037,0.000000,0.000001,0.275248,0.000500
valid_clock_skew,0,72,0.4000,0,0,valid_clock_skew,0.014065,21.772019,0.006910,1.339808,0.020687,0.000000,0.000447,2510.624304,0.000000,0.401867,11.155500,0.968837,0.520360,0.347856,0.264822,0.009281,0.018661,0.108192,0.489877,0.001000
valid_low_friction_slip,1,73,0.5000,0,0,valid_low_friction_slip,0.015622,24.376253,0.000000,1.343213,0.025971,0.000000,0.000442,3345.263069,0.000000,0.446350,3.506935,0.473898,0.585057,0.240506,0.319869,0.012595,0.000000,0.000000,0.138197,0.001500
contact_corruption,2,74,0.6000,1,1,contact_corruption,0.014289,53.726293,1.474213,0.849938,0.038866,0.000000,0.006000,798.848217,0.000000,0.408258,272.525274,25.267687,0.505187,0.594406,0.412378,0.011226,0.000000,0.378344,4.979787,0.002000
energy_work_corruption,3,75,0.7000,1,1,energy_work_corruption,0.029378,129.304166,0.013989,0.579171,0.297417,0.000000,0.000755,617.048549,0.000000,0.839380,9.447114,2.067756,0.326921,0.550911,0.704582,0.006677,0.000000,0.274218,0.072500,0.000000
support_levitation,4,76,0.8000,1,1,support_levitation,0.068203,27.565503,0.002987,0.921555,0.105830,0.173913,0.000371,1267.347105,0.000000,1.948660,13.214969,1.306351,0.343148,0.395907,0.334799,0.071462,0.000000,0.000001,0.462620,0.000500
actuator_saturation,5,77,0.9000,1,1,actuator_saturation,0.039946,15.088126,0.002286,0.787823,0.014739,0.000000,0.000499,1875.182928,3.987270,1.141313,4.551720,0.670383,0.409428,0.189177,0.170428,0.005137,0.000000,0.000001,0.282924,0.001000
noncausal_teleport,6,78,1.0000,1,1,noncausal_teleport,0.084503,39.557556,0.000000,8.448865,0.026522,0.000000,0.000858,9965.933583,0.000000,2.414383,9.365107,1.747149,0.450816,0.436314,0.336305,0.007114,0.000000,0.149203,0.230909,0.001500
subtle_contact_corruption,7,79,1.1000,1,1,subtle_contact_corruption,0.011365,28.523911,1.037358,1.076169,0.018371,0.000000,0.004378,1936.120939,0.000000,0.324713,191.758118,17.065604,0.426690,0.198000,0.192921,0.008254,0.000000,0.004277,6.495011,0.002000
subtle_energy_corruption,0,80,1.2000,1,1,subtle_energy_corruption,0.019707,86.504718,0.010463,0.597845,0.158828,0.000000,0.000268,670.704897,0.000000,0.563064,6.501214,1.569846,0.312757,0.396344,0.484447,0.005053,0.000000,0.409879,0.074296,0.000000
timestamp_noncausal_corruption,1,81,0.4000,1,1,timestamp_noncausal_corruption,0.017775,22.714874,0.012979,1.773302,0.019753,0.000000,0.000534,2932.015548,0.000000,0.507862,8.395652,1.133354,0.334522,0.294529,0.214051,0.003914,0.004000,0.000001,0.354025,0.000500
adversarial_compensated_violation,2,82,0.5000,1,1,adversarial_compensated_violation,0.034435,58.533034,0.154462,3.442808,0.097594,0.000000,0.000318,8600.780885,0.000000,0.983845,30.000000,4.139682,0.572328,1.419542,0.475065,0.004472,0.000000,0.000001,0.503922,0.001000
mixed_near_threshold,3,83,0.6000,1,1,mixed_near_threshold,0.025455,40.787482,0.002270,1.098257,0.050844,0.000000,0.002556,2480.697294,0.000000,0.727278,2.907888,0.433335,0.419551,0.148893,0.238760,0.028596,0.000000,0.000001,0.069588,0.001500
nominal_valid,4,84,0.7000,0,0,nominal_valid,0.017200,17.438409,0.000000,1.636114,0.019901,0.000000,0.000426,3356.614844,0.000000,0.491428,5.557217,0.825597,0.560870,0.232065,0.318146,0.014394,0.000000,0.000001,0.301394,0.002000
rare_valid_bounce,5,85,0.8000,0,0,rare_valid_bounce,0.029713,95.304975,0.071528,2.879007,0.100482,0.000000,0.000767,4777.629206,0.000000,0.848931,20.421011,0.956472,0.791140,1.324454,0.655925,0.016542,0.000000,0.000027,0.212045,0.000000
valid_clock_skew,6,86,0.9000,0,0,valid_clock_skew,0.017244,29.925970,0.022126,1.673916,0.033224,0.000000,0.000651,1894.309039,0.000000,0.492678,12.817250,1.966976,0.563236,0.398644,0.505197,0.012904,0.042124,0.028945,0.414449,0.000500
valid_low_friction_slip,7,87,1.0000,0,0,valid_low_friction_slip,0.018414,18.989136,0.000000,1.531050,0.015903,0.000000,0.000470,4597.277951,0.000000,0.526123,4.189848,0.319136,0.639276,0.148086,0.268270,0.018538,0.000000,0.000000,0.209606,0.001000
contact_corruption,0,88,1.1000,1,1,contact_corruption,0.010568,23.963133,2.726659,1.049730,0.015361,0.000000,0.011230,1506.480599,0.000000,0.301934,497.989245,44.187459,0.385621,0.299021,0.192854,0.007845,0.000000,0.271101,19.948988,0.001500
energy_work_corruption,1,89,1.2000,1,1,energy_work_corruption,0.049298,216.988050,0.051541,4.927675,0.788915,0.000000,0.000912,5250.519662,0.000000,1.408500,12.764351,1.884637,0.471800,0.338063,1.121930,0.008965,0.000000,0.151823,0.058555,0.002000
support_levitation,2,90,0.4000,1,1,support_levitation,0.034627,22.217896,0.004272,0.643997,0.051748,0.000000,0.000606,1142.287635,0.000000,0.989331,4.150178,0.594020,0.330470,0.172813,0.212658,0.035483,0.000000,0.000001,0.178749,0.000000
actuator_saturation,3,91,0.5000,1,1,actuator_saturation,0.023362,31.401562,0.017838,2.334021,0.025366,0.000000,0.001036,3169.638672,2.334021,0.667481,12.536728,1.907336,0.342195,0.323842,0.318477,0.003038,0.000000,0.000002,0.386917,0.000500
noncausal_teleport,4,92,0.6000,1,1,noncausal_teleport,0.046159,28.868497,0.000000,4.608206,0.007347,0.000000,0.000467,10006.637129,0.000000,1.318824,3.086551,0.473299,0.343979,0.126420,0.111260,0.004540,0.000000,0.076320,0.103338,0.001000
subtle_contact_corruption,5,93,0.7000,1,1,subtle_contact_corruption,0.009528,34.413708,0.639462,0.802004,0.018623,0.000000,0.002804,1655.509213,0.000000,0.272239,123.452644,10.974713,0.430874,0.179460,0.166899,0.009139,0.000000,0.000001,3.486013,0.001500
subtle_energy_corruption,6,94,0.8000,1,1,subtle_energy_corruption,0.021831,62.306686,0.001413,1.057792,0.160046,0.000000,0.000832,1332.271485,0.000000,0.623754,15.632836,2.182953,0.439057,0.431993,0.571171,0.009494,0.000000,0.000002,0.246938,0.002000
timestamp_noncausal_corruption,7,95,0.9000,1,1,timestamp_noncausal_corruption,0.038060,36.075841,0.021905,3.805888,0.015390,0.000000,0.000466,7461.199897,0.000000,1.087423,7.676923,0.841416,0.304908,0.193483,0.161853,0.001396,0.009000,0.000002,0.207060,0.000000
adversarial_compensated_violation,0,96,1.0000,1,1,adversarial_compensated_violation,0.046313,92.810717,0.331026,4.630917,0.142803,0.000000,0.000968,5990.998734,0.000000,1.323223,61.679128,8.387988,0.889375,3.002998,0.804925,0.021858,0.000000,0.000001,0.657485,0.000500
mixed_near_threshold,1,97,1.1000,1,1,mixed_near_threshold,0.045343,71.891359,0.000000,1.684172,0.121099,0.000000,0.004489,4019.414632,0.000000,1.295514,2.707891,0.462751,0.314261,0.115119,0.268636,0.045346,0.000000,0.000001,0.037150,0.001000
nominal_valid,2,98,1.2000,0,0,nominal_valid,0.017995,24.179996,0.018644,1.622540,0.028491,0.000000,0.000567,2132.045831,0.000000,0.514129,10.613157,1.478816,0.647895,0.334926,0.440345,0.016881,0.000000,0.116897,0.421492,0.001500
rare_valid_bounce,3,99,0.4000,0,0,rare_valid_bounce,0.033455,89.621477,0.000000,3.343866,0.205510,0.000000,0.001585,3460.127391,0.000000,0.955847,32.041930,1.590689,0.976482,1.242178,0.925507,0.027567,0.000000,0.000000,0.353580,0.002000
valid_clock_skew,4,100,0.5000,0,0,valid_clock_skew,0.013865,14.738110,0.002926,1.354024,0.011857,0.000000,0.000442,2808.514452,0.000000,0.396144,3.125042,0.636326,0.442506,0.148296,0.239556,0.010317,0.037489,0.078555,0.198565,0.000000
valid_low_friction_slip,5,101,0.6000,0,0,valid_low_friction_slip,0.017149,21.030456,0.021234,1.630190,0.025968,0.000000,0.000349,4147.092557,0.000000,0.489958,6.378232,0.708488,0.588772,0.385902,0.446602,0.012037,0.000000,0.000001,0.289519,0.000500
contact_corruption,6,102,0.7000,1,1,contact_corruption,0.008926,42.497512,1.739591,0.867144,0.019078,0.000000,0.007000,815.920065,0.000000,0.255017,319.054065,29.314172,0.319443,0.559696,0.310442,0.009910,0.000000,0.381749,7.334996,0.001000
energy_work_corruption,7,103,0.8000,1,1,energy_work_corruption,0.028062,143.788293,0.000000,1.022930,0.252535,0.000000,0.000358,2162.243314,0.000000,0.801775,8.097646,1.109760,0.395805,0.181598,0.645553,0.007729,0.000000,0.000001,0.055927,0.001500
support_levitation,0,104,0.9000,1,1,support_levitation,0.079133,31.546648,0.004714,1.031560,0.143159,0.173913,0.000999,1309.830972,0.000000,2.260946,7.365176,1.053424,0.488430,0.409194,0.486414,0.084683,0.000000,0.000001,0.226296,0.002000
actuator_saturation,1,105,1.0000,1,1,actuator_saturation,0.044804,30.622706,0.013402,0.712295,0.021273,0.000000,0.000468,1309.615744,4.480365,1.280112,6.836842,1.880353,0.326652,0.408309,0.249721,0.001860,0.000000,0.356770,0.216200,0.000000
noncausal_teleport,2,106,1.1000,1,1,noncausal_teleport,0.083553,69.586286,0.022391,8.354234,0.043005,0.000000,0.000604,14669.911437,0.000000,2.387229,7.405817,0.804380,0.394583,0.219818,0.173181,0.003254,0.000000,0.000001,0.104919,0.000500
subtle_contact_corruption,3,107,1.2000,1,1,subtle_contact_corruption,0.009326,38.534459,1.120127,0.721019,0.025055,0.000000,0.004995,1192.088643,0.000000,0.266457,205.200000,19.010930,0.382151,0.367612,0.283004,0.005367,0.000000,0.104831,5.190409,0.001000
subtle_energy_corruption,4,108,0.4000,1,1,subtle_energy_corruption,0.010007,29.348343,0.016231,0.960544,0.024030,0.000000,0.000768,1407.724757,0.000000,0.285912,9.397298,1.558386,0.375343,0.236538,0.344172,0.007516,0.000000,0.000001,0.309648,0.001500
timestamp_noncausal_corruption,5,109,0.5000,1,1,timestamp_noncausal_corruption,0.024699,97.166670,0.025432,2.466868,0.045897,0.000000,0.001443,3043.402309,0.000000,0.705697,20.751955,1.967620,0.517201,0.363017,0.493874,0.010298,0.005000,0.000000,0.211395,0.002000
adversarial_compensated_violation,6,110,0.6000,1,1,adversarial_compensated_violation,0.027658,66.472214,0.199997,2.765808,0.116434,0.000000,0.000712,4349.403838,0.000000,0.790231,51.638457,5.340880,0.633323,2.090149,0.632258,0.006582,0.000000,0.000001,0.765329,0.000000
mixed_near_threshold,7,111,0.7000,1,1,mixed_near_threshold,0.028832,47.566909,0.016248,1.175927,0.070185,0.000000,0.003015,1726.416091,0.000000,0.823763,17.735717,1.303737,0.345526,0.318838,0.390695,0.029263,0.000000,0.000000,0.365181,0.000500
nominal_valid,0,112,0.8000,0,0,nominal_valid,0.014688,33.239983,0.006063,1.204277,0.020929,0.000000,0.000372,1185.664189,0.000000,0.419670,7.070522,1.209674,0.538083,0.360077,0.295991,0.012883,0.000000,0.286829,0.206499,0.001000
rare_valid_bounce,1,113,0.9000,0,0,rare_valid_bounce,0.031039,76.027535,0.000000,3.090021,0.117878,0.000000,0.000381,5876.410488,0.000000,0.886818,21.617419,0.807929,0.829653,0.804991,0.873061,0.016265,0.000000,0.000000,0.280645,0.001500
valid_clock_skew,2,114,1.0000,0,0,valid_clock_skew,0.018936,22.975845,0.000000,1.557818,0.022371,0.000000,0.000573,1950.952162,0.000000,0.541028,6.380144,0.888352,0.608336,0.241409,0.277853,0.018777,0.023807,0.326804,0.266107,0.002000
valid_low_friction_slip,3,115,1.1000,0,0,valid_low_friction_slip,0.023082,22.903736,0.026609,2.308033,0.031961,0.000000,0.000433,8993.607727,0.000000,0.659479,4.789626,0.339335,0.692702,0.194386,0.359973,0.018101,0.000000,0.000001,0.200371,0.000000
contact_corruption,4,116,1.2000,1,1,contact_corruption,0.006113,27.701371,2.994622,0.535384,0.010860,0.000000,0.012174,1161.159084,0.000000,0.174663,542.176580,47.600036,0.263506,0.147425,0.095984,0.002387,0.000000,0.000154,18.890268,0.000500
energy_work_corruption,5,117,0.4000,1,1,energy_work_corruption,0.016785,82.023293,0.012981,0.837418,0.080230,0.000000,0.000486,1040.438073,0.000000,0.479580,7.694441,1.108668,0.354385,0.237707,0.334923,0.004763,0.000000,0.115422,0.092678,0.001000
support_levitation,6,118,0.5000,1,1,support_levitation,0.043647,18.448791,0.003002,0.943882,0.057017,0.000000,0.000449,1680.393917,0.000000,1.247059,6.589524,0.890781,0.384262,0.255276,0.243605,0.049239,0.000000,0.000000,0.338814,0.001500
actuator_saturation,7,119,0.6000,1,1,actuator_saturation,0.019553,31.255914,0.014843,1.098990,0.028563,0.000000,0.000779,1351.651200,1.953961,0.558666,17.839964,2.297786,0.468296,0.493042,0.391250,0.010956,0.000000,0.044046,0.553076,0.002000
noncausal_teleport,0,120,0.7000,1,1,noncausal_teleport,0.052975,39.043995,0.006306,5.297305,0.013392,0.000000,0.000472,5767.883875,0.000000,1.513584,6.499859,1.111325,0.287637,0.256329,0.116342,0.002283,0.000000,0.405749,0.162318,0.000000
subtle_contact_corruption,1,121,0.8000,1,1,subtle_contact_corruption,0.007417,20.229580,0.740468,0.623183,0.011095,0.000000,0.003309,1244.743739,0.000000,0.211910,139.136542,12.569948,0.346587,0.228014,0.120475,0.003079,0.000000,0.017780,6.553900,0.000500
subtle_energy_corruption,2,122,0.9000,1,1,subtle_energy_corruption,0.011670,67.072992,0.000000,0.753140,0.075576,0.000000,0.000538,1441.843497,0.000000,0.333428,6.976586,0.927473,0.393138,0.285992,0.333347,0.006137,0.000000,0.000002,0.102487,0.001000
timestamp_noncausal_corruption,3,123,1.0000,1,1,timestamp_noncausal_corruption,0.049550,42.815469,0.000000,4.954275,0.023102,0.000000,0.000375,4985.264024,0.000000,1.415716,5.196648,1.293564,0.438684,0.434280,0.262402,0.010060,0.010000,0.467688,0.118603,0.001500
adversarial_compensated_violation,4,124,1.1000,1,1,adversarial_compensated_violation,0.054022,77.386019,0.355839,5.382983,0.117540,0.000000,0.001583,5737.392892,0.000000,1.543485,66.000000,9.840107,0.811871,3.803094,0.724142,0.029424,0.000000,0.000000,0.841987,0.002000
mixed_near_threshold,5,125,1.2000,1,1,mixed_near_threshold,0.050476,80.969516,0.006669,0.532323,0.152106,0.000000,0.005572,762.761488,0.000000,1.442166,4.652250,1.008794,0.323264,0.308810,0.378530,0.047604,0.000000,0.189248,0.056756,0.000000
nominal_valid,6,126,0.4000,0,0,nominal_valid,0.013401,23.995559,0.001995,1.337282,0.023065,0.000000,0.000645,1893.155405,0.000000,0.382875,8.780532,1.369575,0.445166,0.340391,0.245349,0.011489,0.000000,0.038113,0.351284,0.000500
rare_valid_bounce,7,127,0.5000,0,0,rare_valid_bounce,0.026543,72.683804,0.008753,2.633746,0.073884,0.000000,0.001458,3799.873105,0.000000,0.758373,14.130499,0.663079,0.773224,0.721883,0.488132,0.015503,0.000000,0.000001,0.191772,0.001000
valid_clock_skew,0,128,0.6000,0,0,valid_clock_skew,0.017178,27.797031,0.000000,1.400463,0.015457,0.000000,0.000522,1834.794470,0.000000,0.490802,7.275643,1.013521,0.574696,0.208200,0.262688,0.014177,0.021751,0.222999,0.252653,0.001500
valid_low_friction_slip,1,129,0.7000,0,0,valid_low_friction_slip,0.020181,34.623590,0.000000,1.960847,0.025627,0.000000,0.000498,5967.095784,0.000000,0.576605,3.742441,0.261822,0.703144,0.169357,0.308864,0.017541,0.000000,0.000000,0.105055,0.002000
contact_corruption,2,130,0.8000,1,1,contact_corruption,0.009035,33.639049,2.051905,0.717580,0.024333,0.000000,0.008779,956.557760,0.000000,0.258140,370.841187,33.162386,0.266794,0.311601,0.261403,0.003064,0.000000,0.012261,10.705871,0.000000
energy_work_corruption,3,131,0.9000,1,1,energy_work_corruption,0.035309,157.308986,0.000000,3.529042,0.355384,0.000000,0.000485,7462.235366,0.000000,1.008829,6.173389,0.810646,0.330417,0.169977,0.570375,0.003011,0.000000,0.000001,0.038996,0.000500
support_levitation,4,132,1.0000,1,1,support_levitation,0.086836,23.496929,0.016473,0.782559,0.138569,0.173913,0.000736,1392.768566,0.000000,2.481038,7.557652,1.201016,0.349954,0.329517,0.399150,0.089029,0.000000,0.000000,0.308514,0.001000
actuator_saturation,5,133,1.1000,1,1,actuator_saturation,0.048578,42.746396,0.000345,1.007762,0.037973,0.000000,0.000748,1090.018550,4.832597,1.387930,8.818409,1.865151,0.518179,0.627887,0.328899,0.007594,0.000000,0.492377,0.201580,0.001500
noncausal_teleport,6,134,1.2000,1,1,noncausal_teleport,0.094689,64.145036,0.006780,9.465150,0.046042,0.000000,0.001060,11070.690504,0.000000,2.705413,12.765109,1.834054,0.623423,0.389163,0.387722,0.018280,0.000000,0.000000,0.195949,0.002000
subtle_contact_corruption,7,135,0.4000,1,1,subtle_contact_corruption,0.006523,26.368520,0.378001,0.545223,0.012735,0.000000,0.001860,743.977159,0.000000,0.186367,72.591141,7.041048,0.240863,0.223180,0.139022,0.001676,0.000000,0.070020,2.652359,0.000000
subtle_energy_corruption,0,136,0.5000,1,1,subtle_energy_corruption,0.009757,37.141724,0.025117,0.682764,0.028481,0.000000,0.000508,878.145746,0.000000,0.278759,6.460095,1.453438,0.325196,0.295995,0.329756,0.004103,0.000000,0.369537,0.169371,0.000500
timestamp_noncausal_corruption,1,137,0.6000,1,1,timestamp_noncausal_corruption,0.026046,32.841943,0.000000,2.600950,0.018501,0.000000,0.001150,3700.057681,0.000000,0.744159,10.461405,1.017882,0.383305,0.191624,0.212937,0.005191,0.006000,0.000001,0.309125,0.001000
adversarial_compensated_violation,2,138,0.7000,1,1,adversarial_compensated_violation,0.035064,84.637587,0.222728,3.496003,0.172728,0.000000,0.000330,5848.919634,0.000000,1.001816,42.000000,6.375633,0.712126,2.599832,0.918722,0.008836,0.000000,0.000000,0.490439,0.001500
mixed_near_threshold,3,139,0.8000,1,1,mixed_near_threshold,0.034370,55.794062,0.018542,1.076678,0.104632,0.000000,0.003339,1591.699857,0.000000,0.982006,8.544132,1.182580,0.457548,0.414368,0.375166,0.037550,0.000000,0.165428,0.150441,0.002000
nominal_valid,4,140,0.9000,0,0,nominal_valid,0.017644,16.098052,0.023600,1.185925,0.025193,0.000000,0.000501,2157.358852,0.000000,0.504111,6.706074,1.233308,0.592117,0.287103,0.427570,0.013818,0.000000,0.028244,0.392213,0.000000
rare_valid_bounce,5,141,1.0000,0,0,rare_valid_bounce,0.025631,80.940729,0.076972,2.155336,0.141719,0.000000,0.001284,2960.764401,0.000000,0.732304,48.276659,2.244755,0.858156,3.267214,1.067319,0.017504,0.000000,0.000001,0.589166,0.000500
valid_clock_skew,6,142,1.1000,0,0,valid_clock_skew,0.018256,18.001262,0.000000,1.574322,0.021535,0.000000,0.000398,2935.168079,0.000000,0.521596,6.951807,0.943942,0.584771,0.208478,0.297235,0.014939,0.028670,0.121824,0.365860,0.001000
valid_low_friction_slip,7,143,1.2000,0,0,valid_low_friction_slip,0.019838,15.880127,0.000000,1.973689,0.028535,0.000000,0.000406,6574.678632,0.000000,0.566808,3.287283,0.383041,0.667130,0.197155,0.375913,0.016190,0.000000,0.000000,0.194743,0.001500
contact_corruption,0,144,0.4000,1,1,contact_corruption,0.011304,33.453077,0.975129,1.075135,0.014520,0.000000,0.004000,1280.573284,0.000000,0.322972,181.669320,16.557322,0.466600,0.239215,0.213361,0.009574,0.000000,0.351948,5.272949,0.002000
energy_work_corruption,1,145,0.5000,1,1,energy_work_corruption,0.021408,103.029616,0.001977,0.616018,0.192346,0.000000,0.000437,1113.335397,0.000000,0.611649,6.899540,1.053198,0.352711,0.298148,0.391505,0.001205,0.000000,0.192109,0.066323,0.000000
support_levitation,2,146,0.6000,1,1,support_levitation,0.051600,29.420409,0.012338,0.728945,0.111172,0.173913,0.000570,905.910328,0.000000,1.474290,16.419676,1.578637,0.289710,0.387737,0.399115,0.053855,0.000000,0.000001,0.539759,0.000500
actuator_saturation,3,147,0.7000,1,1,actuator_saturation,0.031763,30.771771,0.000000,0.709521,0.017158,0.000000,0.000558,1373.923847,3.176265,0.907506,4.035448,0.846467,0.392978,0.247088,0.164295,0.005706,0.000000,0.359085,0.127014,0.001000
noncausal_teleport,4,148,0.8000,1,1,noncausal_teleport,0.056278,31.694873,0.005428,5.619322,0.011684,0.000000,0.000419,12023.101401,0.000000,1.607929,4.607273,0.568569,0.437873,0.185452,0.168612,0.006212,0.000000,0.000000,0.140917,0.001500
subtle_contact_corruption,5,149,0.9000,1,1,subtle_contact_corruption,0.011977,22.460730,0.830844,0.793442,0.012611,0.000000,0.003680,1748.283766,0.000000,0.342208,156.751245,13.922047,0.426036,0.151635,0.178968,0.007966,0.000000,0.002530,6.681431,0.002000
subtle_energy_corruption,6,150,1.0000,1,1,subtle_energy_corruption,0.014658,72.137959,0.012698,1.465704,0.079859,0.000000,0.000421,1906.415176,0.000000,0.418793,5.948364,1.444547,0.353548,0.417827,0.433845,0.002251,0.000000,0.440167,0.081331,0.000000
timestamp_noncausal_corruption,7,151,1.1000,1,1,timestamp_noncausal_corruption,0.047941,48.345859,0.009194,4.792128,0.016793,0.000000,0.000585,8499.968128,0.000000,1.369738,3.366128,0.453326,0.383525,0.173466,0.117180,0.003641,0.011000,0.000003,0.068215,0.000500
adversarial_compensated_violation,0,152,1.2000,1,1,adversarial_compensated_violation,0.061753,82.353709,0.391335,6.172888,0.121083,0.000000,0.000690,14855.733279,0.000000,1.764378,72.000000,9.570392,0.652494,3.073334,0.472492,0.004486,0.000000,0.000001,0.863789,0.001000
mixed_near_threshold,1,153,0.4000,1,1,mixed_near_threshold,0.018833,55.853894,0.010160,0.947929,0.082282,0.000000,0.002064,1228.867687,0.000000,0.538072,9.799346,1.469969,0.389628,0.248161,0.448862,0.021609,0.000000,0.000001,0.172360,0.001500
nominal_valid,2,154,0.5000,0,0,nominal_valid,0.016317,28.621721,0.000000,1.044644,0.017671,0.000000,0.000663,1316.609325,0.000000,0.466200,7.476230,1.058077,0.580557,0.305632,0.287997,0.015397,0.000000,0.313736,0.252390,0.002000
rare_valid_bounce,3,155,0.6000,0,0,rare_valid_bounce,0.024839,88.931844,0.064521,2.422375,0.086297,0.000000,0.000429,4463.371136,0.000000,0.709681,11.613869,0.459818,0.750380,0.571309,0.592024,0.012526,0.000000,0.000006,0.129141,0.000000
valid_clock_skew,4,156,0.7000,0,0,valid_clock_skew,0.015418,45.319697,0.044237,1.492604,0.036855,0.000000,0.000813,1970.586226,0.000000,0.440514,12.811149,1.846050,0.558106,0.361451,0.365628,0.015020,0.040576,0.000001,0.276581,0.000500
valid_low_friction_slip,5,157,0.8000,0,0,valid_low_friction_slip,0.017109,15.184025,0.000333,1.431875,0.017526,0.000000,0.000421,4701.554691,0.000000,0.488830,2.649640,0.385667,0.544001,0.180520,0.272265,0.012799,0.000000,0.000001,0.163719,0.001000
contact_corruption,6,158,0.9000,1,1,contact_corruption,0.010292,30.527096,2.227822,1.023516,0.011540,0.000000,0.009334,2159.182306,0.000000,0.294060,405.799166,35.644678,0.380383,0.114311,0.146258,0.008401,0.000000,0.000953,12.871441,0.001500
energy_work_corruption,7,159,1.0000,1,1,energy_work_corruption,0.035137,186.774656,0.014033,0.941694,0.393652,0.000000,0.000903,1142.958078,0.000000,1.003907,8.327964,1.385894,0.500791,0.343349,0.846751,0.009398,0.000000,0.164716,0.044351,0.002000
support_levitation,0,160,1.1000,1,1,support_levitation,0.093623,54.501632,0.046944,0.912119,0.202141,0.173913,0.000831,980.122350,0.000000,2.674929,17.358045,1.986108,0.319911,0.587439,0.645392,0.095200,0.000000,0.000002,0.312748,0.000000
actuator_saturation,1,161,1.2000,1,1,actuator_saturation,0.054023,16.600665,0.009717,0.803058,0.013833,0.000000,0.000502,2541.226333,5.402243,1.543525,8.324222,1.095725,0.415873,0.287478,0.178738,0.002587,0.000000,0.364852,0.472949,0.000500
noncausal_teleport,2,162,0.4000,1,1,noncausal_teleport,0.034112,38.643282,0.018852,3.411087,0.015807,0.000000,0.000484,4531.415247,0.000000,0.974628,6.469153,1.021063,0.320981,0.225061,0.168879,0.004992,0.000000,0.258647,0.163184,0.001000
subtle_contact_corruption,3,163,0.5000,1,1,subtle_contact_corruption,0.009786,26.975084,0.464114,0.397359,0.014825,0.000000,0.001900,366.206715,0.000000,0.279589,87.732456,8.644716,0.358021,0.312102,0.197735,0.010287,0.000000,0.373046,3.136093,0.001500
subtle_energy_corruption,4,164,0.6000,1,1,subtle_energy_corruption,0.015314,46.309852,0.000000,0.938175,0.053223,0.000000,0.000363,1563.994379,0.000000,0.437549,4.582298,1.025837,0.409156,0.237401,0.274516,0.008226,0.000000,0.282348,0.096857,0.002000
timestamp_noncausal_corruption,5,165,0.7000,1,1,timestamp_noncausal_corruption,0.033143,55.205741,0.015553,3.314314,0.032338,0.000000,0.000446,7810.874531,0.000000,0.946956,3.481573,0.696326,0.380704,0.242888,0.181084,0.001440,0.007000,0.000001,0.061943,0.000000
adversarial_compensated_violation,6,166,0.8000,1,1,adversarial_compensated_violation,0.039614,72.156596,0.256874,3.960424,0.161323,0.000000,0.002433,3763.029513,0.000000,1.131838,48.000000,7.675803,0.707330,3.154708,0.935099,0.029191,0.000000,0.000001,0.656127,0.000500
mixed_near_threshold,7,167,0.9000,1,1,mixed_near_threshold,0.038577,53.044986,0.033924,1.737801,0.085697,0.000000,0.003615,2342.209314,0.000000,1.102194,11.162461,1.713512,0.409845,0.492836,0.424592,0.039106,0.000000,0.000001,0.206540,0.001000
nominal_valid,0,168,1.0000,0,0,nominal_valid,0.018289,32.437886,0.000000,1.644473,0.022279,0.000000,0.000630,1908.672080,0.000000,0.522538,6.222740,0.827626,0.640869,0.255633,0.268948,0.018055,0.000000,0.249613,0.186098,0.001500
rare_valid_bounce,1,169,1.1000,0,0,rare_valid_bounce,0.024325,76.280546,0.000000,2.367171,0.070881,0.000000,0.000489,6202.445188,0.000000,0.694997,5.408263,0.094744,0.835121,0.108404,0.357313,0.017356,0.000000,0.000000,0.069982,0.002000
valid_clock_skew,2,170,1.2000,0,0,valid_clock_skew,0.017288,27.394042,0.008495,1.268846,0.021321,0.000000,0.000883,1692.277206,0.000000,0.493953,5.708335,1.241755,0.635968,0.349863,0.346997,0.011753,0.036571,0.323933,0.201040,0.000000
valid_low_friction_slip,3,171,0.4000,0,0,valid_low_friction_slip,0.016767,18.190528,0.000000,1.120925,0.016290,0.000000,0.000422,2810.135562,0.000000,0.479067,5.300206,0.408223,0.472892,0.176344,0.262241,0.011442,0.000000,0.000001,0.276189,0.000500
contact_corruption,4,172,0.5000,1,1,contact_corruption,0.008166,28.120271,1.256813,0.637153,0.014834,0.000000,0.005031,966.127769,0.000000,0.233303,227.520009,20.681472,0.298656,0.221624,0.200909,0.005452,0.000000,0.000889,7.813114,0.001000
energy_work_corruption,5,173,0.6000,1,1,energy_work_corruption,0.023556,108.577043,0.031495,2.291737,0.114042,0.000000,0.000878,2457.172918,0.000000,0.673019,19.318002,2.854519,0.421556,0.520337,0.698981,0.008876,0.000000,0.082900,0.176296,0.001500
support_levitation,6,174,0.7000,1,1,support_levitation,0.060833,22.578053,0.000000,0.891556,0.100942,0.173913,0.000450,1280.555450,0.000000,1.738097,6.739038,0.851663,0.452132,0.284544,0.342516,0.067786,0.000000,0.224494,0.285818,0.002000
actuator_saturation,7,175,0.8000,1,1,actuator_saturation,0.036305,16.179352,0.000000,3.629875,0.010423,0.000000,0.000432,8118.700426,3.629875,1.037273,6.059372,0.821682,0.378018,0.233937,0.121490,0.001356,0.000000,0.068857,0.352713,0.000000
noncausal_teleport,0,176,0.9000,1,1,noncausal_teleport,0.070700,52.096617,0.000219,7.069479,0.011034,0.000000,0.000479,9081.306681,0.000000,2.020011,7.646795,1.318347,0.337193,0.335653,0.147466,0.002600,0.000000,0.364759,0.144017,0.000500
subtle_contact_corruption,1,177,1.0000,1,1,subtle_contact_corruption,0.007102,18.312581,0.938926,0.573136,0.008815,0.000000,0.004277,951.627634,0.000000,0.202901,171.809539,15.702912,0.316145,0.216347,0.140220,0.005659,0.000000,0.196821,8.896249,0.001000
subtle_energy_corruption,2,178,1.1000,1,1,subtle_energy_corruption,0.017838,78.256487,0.000000,0.979832,0.079151,0.000000,0.000440,2844.459745,0.000000,0.509671,2.964016,0.291891,0.414396,0.077099,0.206847,0.007444,0.000000,0.000001,0.037398,0.001500
timestamp_noncausal_corruption,3,179,1.2000,1,1,timestamp_noncausal_corruption,0.052749,38.353726,0.000000,5.274736,0.015214,0.000000,0.000406,14465.653342,0.000000,1.507104,6.854353,0.502696,0.512067,0.172015,0.261686,0.008364,0.012000,0.000000,0.174173,0.002000
adversarial_compensated_violation,4,180,0.4000,1,1,adversarial_compensated_violation,0.026034,75.279646,0.121924,2.603361,0.086705,0.000000,0.000429,6443.622586,0.000000,0.743843,24.000000,3.251552,0.562040,1.099613,0.281746,0.002199,0.000000,0.000001,0.314632,0.000000
mixed_near_threshold,5,181,0.5000,1,1,mixed_near_threshold,0.020532,45.620541,0.020768,0.532405,0.046009,0.000000,0.001900,508.786260,0.000000,0.586617,5.965547,1.499022,0.330791,0.505616,0.327450,0.026275,0.000000,0.267228,0.127960,0.000500
nominal_valid,6,182,0.6000,0,0,nominal_valid,0.019021,17.609381,0.002277,1.885527,0.018273,0.000000,0.000449,3444.521162,0.000000,0.543452,9.070971,1.102110,0.510546,0.303361,0.297048,0.015576,0.000000,0.041071,0.487441,0.001000
rare_valid_bounce,7,183,0.7000,0,0,rare_valid_bounce,0.023028,88.998909,0.022256,2.129674,0.086124,0.000000,0.000559,3266.638686,0.000000,0.657952,16.168354,0.805373,0.756176,0.741093,0.543694,0.015568,0.000000,0.000000,0.179651,0.001500
valid_clock_skew,0,184,0.8000,0,0,valid_clock_skew,0.017764,31.920165,0.016502,1.555886,0.025084,0.000000,0.000337,1600.664298,0.000000,0.507547,7.143835,1.240878,0.621402,0.413764,0.292762,0.016850,0.024309,0.376608,0.217005,0.002000
valid_low_friction_slip,1,185,0.9000,0,0,valid_low_friction_slip,0.016972,18.020066,0.000000,1.585059,0.029337,0.000000,0.000508,5445.205681,0.000000,0.484915,2.928740,0.327612,0.637271,0.175499,0.308343,0.015427,0.000000,0.000001,0.153982,0.000000
contact_corruption,2,186,1.0000,1,1,contact_corruption,0.006276,26.927421,2.493558,0.626282,0.006385,0.000000,0.010378,1677.913246,0.000000,0.179304,450.000000,39.554871,0.282696,0.110019,0.087841,0.002592,0.000000,0.000008,16.113196,0.000500
energy_work_corruption,3,187,1.1000,1,1,energy_work_corruption,0.040412,196.843187,0.000000,4.040776,0.357208,0.000000,0.000380,10181.901336,0.000000,1.154637,4.373225,0.442338,0.420685,0.130370,0.534468,0.004164,0.000000,0.000001,0.022105,0.001000
support_levitation,4,188,1.2000,1,1,support_levitation,0.103030,38.736159,0.039917,1.232029,0.182010,0.173913,0.001034,1736.440864,0.000000,2.943729,19.384932,1.935862,0.469391,0.417318,0.563944,0.110624,0.000000,0.000001,0.487841,0.001500
actuator_saturation,5,189,0.4000,1,1,actuator_saturation,0.015698,42.532620,0.004720,0.775486,0.020610,0.000000,0.000682,718.869361,1.539433,0.448506,6.855300,1.576861,0.445280,0.365899,0.270992,0.018389,0.000000,0.328404,0.157475,0.002000
noncausal_teleport,6,190,0.5000,1,1,noncausal_teleport,0.037304,27.661250,0.023288,3.730350,0.027736,0.000000,0.000868,4726.142239,0.000000,1.065815,12.409447,1.699877,0.356023,0.421300,0.304441,0.002937,0.000000,0.000010,0.432970,0.000000
subtle_contact_corruption,7,191,0.6000,1,1,subtle_contact_corruption,0.007658,29.086002,0.567894,0.700341,0.016365,0.000000,0.002825,899.463256,0.000000,0.218795,105.657881,10.496135,0.296913,0.355098,0.228195,0.003548,0.000000,0.015656,3.511862,0.000500
